[
  {
    "AGREEMENTNO": "X0CESNG00002600648",
    "PRODUCT GRP": "CE",
    "SUB ZONE": "WEST 1",
    "REGION": "MH4",
    "AREA": "SANGLI",
    "BRANCH": "VITA",
    "CUSTOMERNAME": "Babasaheb Mahadev Pawar",
    "Allocation DPD GRP": 45325,
    "SOFT/HARD": "SOFT",
    "MANUFACTURERDESC": "SANY",
    "MAKE": "SANY EXCAVATOR",
    "REGDNUM": "NONREGISTERED",
    "CHASISNUM": "18SEY021A55471",
    "ENGINENUM": "18SEY021A55471",
    "ARMNAME": "KAILAS SALEKAR-9702269194",
    "RRM Name & No": "Rohan Kadam-9860314045",
    "RBM Name & No": "NIRAJ GAIKWAD-7028944771",
    "FILENAME": "Tent Repo List - Jan 23 (1).xlsx",
    "BANK": "test",
    "HOLD": "",
    "RELEASE": "",
    "IN_YARD": "",
    "ACTION": ""
  },
  {
    "AGREEMENTNO": "X0CESNG00003776789",
    "PRODUCT GRP": "CE",
    "SUB ZONE": "WEST 1",
    "REGION": "MH4",
    "AREA": "SANGLI",
    "BRANCH": "SANGLI",
    "CUSTOMERNAME": "NIVAS SHANKAR GIRIGOSAVI",
    "Allocation DPD GRP": 45325,
    "SOFT/HARD": "SOFT",
    "MANUFACTURERDESC": "JCB",
    "MAKE": "JCB BACKHOE LOADER",
    "REGDNUM": "MH-10-DQ-5469",
    "CHASISNUM": "RAJ3DXSSK02944139",
    "ENGINENUM": "H00270223",
    "ARMNAME": "KAILAS SALEKAR-9702269194",
    "RRM Name & No": "Rohan Kadam-9860314045",
    "RBM Name & No": "NIRAJ GAIKWAD-7028944771",
    "FILENAME": "Tent Repo List - Jan 23 (1).xlsx",
    "BANK": "test",
    "HOLD": "",
    "RELEASE": "",
    "IN_YARD": "",
    "ACTION": ""
  },
  {
    "AGREEMENTNO": "X0CESNG00003019384",
    "PRODUCT GRP": "CE",
    "SUB ZONE": "WEST 1",
    "REGION": "MH4",
    "AREA": "SANGLI",
    "BRANCH": "SANGLI",
    "CUSTOMERNAME": "Surykant Annappa Jatkar",
    "Allocation DPD GRP": 45325,
    "SOFT/HARD": "SOFT",
    "MANUFACTURERDESC": "JCB",
    "MAKE": "JCB BACKHOE LOADER",
    "REGDNUM": "MH-10-DG-7122",
    "CHASISNUM": "RAJ3DXSSE02837375",
    "ENGINENUM": "H00226880",
    "ARMNAME": "KAILAS SALEKAR-9702269194",
    "RRM Name & No": "Rohan Kadam-9860314045",
    "RBM Name & No": "NIRAJ GAIKWAD-7028944771",
    "FILENAME": "Tent Repo List - Jan 23 (1).xlsx",
    "BANK": "test",
    "HOLD": "",
    "RELEASE": "",
    "IN_YARD": "",
    "ACTION": ""
  },
  {
    "AGREEMENTNO": "X0CEVIT00004612867",
    "PRODUCT GRP": "CE",
    "SUB ZONE": "WEST 1",
    "REGION": "MH4",
    "AREA": "SANGLI",
    "BRANCH": "VITA",
    "CUSTOMERNAME": "JAYANT DADASO ARJUN",
    "Allocation DPD GRP": 45325,
    "SOFT/HARD": "SOFT",
    "MANUFACTURERDESC": "HYUNDAI CONSTRUCTION EQUIPMENTINDIA",
    "MAKE": "JCB BACKHOE LOADER",
    "REGDNUM": "NON9154115",
    "CHASISNUM": "N633D01389",
    "ENGINENUM": "N633D01389",
    "ARMNAME": "KAILAS SALEKAR-9702269194",
    "RRM Name & No": "Rohan Kadam-9860314045",
    "RBM Name & No": "NIRAJ GAIKWAD-7028944771",
    "FILENAME": "Tent Repo List - Jan 23 (1).xlsx",
    "BANK": "test",
    "HOLD": "",
    "RELEASE": "",
    "IN_YARD": "",
    "ACTION": ""
  },
  {
    "AGREEMENTNO": "XVFPKVF00004567070",
    "PRODUCT GRP": "CV",
    "SUB ZONE": "WEST 1",
    "REGION": "MH4",
    "AREA": "KOLHAPUR",
    "BRANCH": "KOLHAPUR",
    "CUSTOMERNAME": "MOHAN NAMDEV MALI",
    "Allocation DPD GRP": 45325,
    "SOFT/HARD": "SOFT",
    "MANUFACTURERDESC": "EICHER",
    "MAKE": "PRO 2114XP",
    "REGDNUM": "MH-09-FL-4714",
    "CHASISNUM": "MC2ESHRC0NA200070",
    "ENGINENUM": "E426CDNA378045",
    "ARMNAME": "AJIT PATIL-8482883431",
    "RRM Name & No": "Rohan Kadam-9860314045",
    "RBM Name & No": "NIRAJ GAIKWAD-7028944771",
    "FILENAME": "Tent Repo List - Jan 23 (1).xlsx",
    "BANK": "test",
    "HOLD": "",
    "RELEASE": "",
    "IN_YARD": "",
    "ACTION": ""
  },
  {
    "AGREEMENTNO": "XVFPSAR00003506952",
    "PRODUCT GRP": "CV",
    "SUB ZONE": "WEST 1",
    "REGION": "MH4",
    "AREA": "SATARA",
    "BRANCH": "SATARA",
    "CUSTOMERNAME": "RAJU KISAN NALAWADE",
    "Allocation DPD GRP": 45325,
    "SOFT/HARD": "SOFT",
    "MANUFACTURERDESC": "ASHOK LEYLAND",
    "MAKE": 3118,
    "REGDNUM": "MH-11-CH-6154",
    "CHASISNUM": "MB1KACHD0JAFH7435",
    "ENGINENUM": "JGPZ109581",
    "ARMNAME": "Rahul Waichal-9975955253",
    "RRM Name & No": "Rohan Kadam-9860314045",
    "RBM Name & No": "NIRAJ GAIKWAD-7028944771",
    "FILENAME": "Tent Repo List - Jan 23 (1).xlsx",
    "BANK": "test",
    "HOLD": "",
    "RELEASE": "",
    "IN_YARD": "",
    "ACTION": ""
  },
  {
    "AGREEMENTNO": "XSHUSAR00004678343",
    "PRODUCT GRP": "PV",
    "SUB ZONE": "WEST 1",
    "REGION": "MH4",
    "AREA": "SATARA",
    "BRANCH": "SATARA",
    "CUSTOMERNAME": "AMAR BALASO THORAVE",
    "Allocation DPD GRP": 45325,
    "SOFT/HARD": "SOFT",
    "MANUFACTURERDESC": "TOYOTA",
    "MAKE": "INNOVA",
    "REGDNUM": "MH-11-BH-7720",
    "CHASISNUM": "MBJ11JV40074724730614",
    "ENGINENUM": "2KDU567726",
    "ARMNAME": "Rahul Waichal-9975955253",
    "RRM Name & No": "Rohan Kadam-9860314045",
    "RBM Name & No": "NIRAJ GAIKWAD-7028944771",
    "FILENAME": "Tent Repo List - Jan 23 (1).xlsx",
    "BANK": "test",
    "HOLD": "",
    "RELEASE": "",
    "IN_YARD": "",
    "ACTION": ""
  },
  {
    "AGREEMENTNO": "XVFPSNG00002686143",
    "PRODUCT GRP": "CV",
    "SUB ZONE": "WEST 1",
    "REGION": "MH4",
    "AREA": "KOLHAPUR",
    "BRANCH": "ISLAMPUR MH",
    "CUSTOMERNAME": "Dinkar Balaso Dabhade",
    "Allocation DPD GRP": 45325,
    "SOFT/HARD": "SOFT",
    "MANUFACTURERDESC": "TATA MOTORS",
    "MAKE": "ULTRA",
    "REGDNUM": "MH-10-CR-3246",
    "CHASISNUM": "MAT764011J7D08750",
    "ENGINENUM": "5LNGDICR17DRY503675",
    "ARMNAME": "AJIT PATIL-8482883431",
    "RRM Name & No": "Rohan Kadam-9860314045",
    "RBM Name & No": "NIRAJ GAIKWAD-7028944771",
    "FILENAME": "Tent Repo List - Jan 23 (1).xlsx",
    "BANK": "test",
    "HOLD": "",
    "RELEASE": "",
    "IN_YARD": "",
    "ACTION": ""
  },
  {
    "AGREEMENTNO": "XSHUICA00003949907",
    "PRODUCT GRP": "CV",
    "SUB ZONE": "WEST 1",
    "REGION": "MH4",
    "AREA": "KOLHAPUR",
    "BRANCH": "ICHALKARANJI",
    "CUSTOMERNAME": "ABUBAKAR NISAR FANIBAND",
    "Allocation DPD GRP": 45325,
    "SOFT/HARD": "SOFT",
    "MANUFACTURERDESC": "ASHOK LEYLAND",
    "MAKE": 3118,
    "REGDNUM": "MH-09-FL-6052",
    "CHASISNUM": "MB1KADWC4DPXH4932",
    "ENGINENUM": "DYPZ108968",
    "ARMNAME": "AJIT PATIL-8482883431",
    "RRM Name & No": "Rohan Kadam-9860314045",
    "RBM Name & No": "NIRAJ GAIKWAD-7028944771",
    "FILENAME": "Tent Repo List - Jan 23 (1).xlsx",
    "BANK": "test",
    "HOLD": "",
    "RELEASE": "",
    "IN_YARD": "",
    "ACTION": ""
  },
  {
    "AGREEMENTNO": "XVFPKED00004397090",
    "PRODUCT GRP": "CV",
    "SUB ZONE": "WEST 1",
    "REGION": "MH4",
    "AREA": "RATNAGIRI",
    "BRANCH": "KHED",
    "CUSTOMERNAME": "MANGESH MAHADEV PAWAR",
    "Allocation DPD GRP": 45325,
    "SOFT/HARD": "SOFT",
    "MANUFACTURERDESC": "EICHER",
    "MAKE": "PRO 2080XPT",
    "REGDNUM": "MH-08-AP-4382",
    "CHASISNUM": "MC2EMDRC0MKB06813",
    "ENGINENUM": "E446CDMH020966",
    "ARMNAME": "VISHWAJIT SHIRKE-9923365858",
    "RRM Name & No": "Rohan Kadam-9860314045",
    "RBM Name & No": "NIRAJ GAIKWAD-7028944771",
    "FILENAME": "Tent Repo List - Jan 23 (1).xlsx",
    "BANK": "test",
    "HOLD": "",
    "RELEASE": "",
    "IN_YARD": "",
    "ACTION": ""
  },
  {
    "AGREEMENTNO": "XVFPCPN00003680406",
    "PRODUCT GRP": "CV",
    "SUB ZONE": "WEST 1",
    "REGION": "MH4",
    "AREA": "RATNAGIRI",
    "BRANCH": "CHIPLUN",
    "CUSTOMERNAME": "KAMLAKAR BALKRISHNA AMBRE",
    "Allocation DPD GRP": 45325,
    "SOFT/HARD": "SOFT",
    "MANUFACTURERDESC": "ASHOK LEYLAND",
    "MAKE": "ECOMET 1015 HE",
    "REGDNUM": "MH-08-AP-8247",
    "CHASISNUM": "MB1GSGCC9LRDE7051",
    "ENGINENUM": "LDHZ408490",
    "ARMNAME": "VISHWAJIT SHIRKE-9923365858",
    "RRM Name & No": "Rohan Kadam-9860314045",
    "RBM Name & No": "NIRAJ GAIKWAD-7028944771",
    "FILENAME": "Tent Repo List - Jan 23 (1).xlsx",
    "BANK": "test",
    "HOLD": "",
    "RELEASE": "",
    "IN_YARD": "",
    "ACTION": ""
  },
  {
    "AGREEMENTNO": "XSHUCPN00004082810",
    "PRODUCT GRP": "CV",
    "SUB ZONE": "WEST 1",
    "REGION": "MH4",
    "AREA": "RATNAGIRI",
    "BRANCH": "CHIPLUN",
    "CUSTOMERNAME": "EKNATH MANGESH GHOSALKAR",
    "Allocation DPD GRP": 45325,
    "SOFT/HARD": "SOFT",
    "MANUFACTURERDESC": "TATA MOTORS",
    "MAKE": "LPT 3118",
    "REGDNUM": "MH-09-CU-9011",
    "CHASISNUM": "MAT466422FHD01415",
    "ENGINENUM": "S03064651C84216525",
    "ARMNAME": "VISHWAJIT SHIRKE-9923365858",
    "RRM Name & No": "Rohan Kadam-9860314045",
    "RBM Name & No": "NIRAJ GAIKWAD-7028944771",
    "FILENAME": "Tent Repo List - Jan 23 (1).xlsx",
    "BANK": "test",
    "HOLD": "",
    "RELEASE": "",
    "IN_YARD": "",
    "ACTION": ""
  },
  {
    "AGREEMENTNO": "XVFPKKI00004530011",
    "PRODUCT GRP": "CV",
    "SUB ZONE": "WEST 1",
    "REGION": "MH4",
    "AREA": "RATNAGIRI",
    "BRANCH": "KANKAVALI",
    "CUSTOMERNAME": "RASHID YUSUF NAWLEKAR",
    "Allocation DPD GRP": 45325,
    "SOFT/HARD": "SOFT",
    "MANUFACTURERDESC": "SML ISUZU",
    "MAKE": "SARTAJ GS",
    "REGDNUM": "MH-07-AJ-2813",
    "CHASISNUM": "MBUWEL4AJP0278473",
    "ENGINENUM": "SLT6JP270967",
    "ARMNAME": "VISHWAJIT SHIRKE-9923365858",
    "RRM Name & No": "Rohan Kadam-9860314045",
    "RBM Name & No": "NIRAJ GAIKWAD-7028944771",
    "FILENAME": "Tent Repo List - Jan 23 (1).xlsx",
    "BANK": "test",
    "HOLD": "",
    "RELEASE": "",
    "IN_YARD": "",
    "ACTION": ""
  },
  {
    "AGREEMENTNO": "XVFPGOA00002216416",
    "PRODUCT GRP": "CV",
    "SUB ZONE": "WEST 1",
    "REGION": "MH4",
    "AREA": "GOA",
    "BRANCH": "GOA",
    "CUSTOMERNAME": "RAKESH RAMESH GOWDA",
    "Allocation DPD GRP": 45325,
    "SOFT/HARD": "SOFT",
    "MANUFACTURERDESC": "TATA MOTORS",
    "MAKE": "LPT 1109",
    "REGDNUM": "GA-04-T-9018",
    "CHASISNUM": "MAT508571H7H12618",
    "ENGINENUM": "497TC41HSY826816",
    "ARMNAME": "ARUN SHETKAR-9225643179",
    "RRM Name & No": "Rohan Kadam-9860314045",
    "RBM Name & No": "NIRAJ GAIKWAD-7028944771",
    "FILENAME": "Tent Repo List - Jan 23 (1).xlsx",
    "BANK": "test",
    "HOLD": "",
    "RELEASE": "",
    "IN_YARD": "",
    "ACTION": ""
  },
  {
    "AGREEMENTNO": "XVFPKED00004572567",
    "PRODUCT GRP": "CV",
    "SUB ZONE": "WEST 1",
    "REGION": "MH4",
    "AREA": "RATNAGIRI",
    "BRANCH": "KHED",
    "CUSTOMERNAME": "DILIP TOLU CHAVAN",
    "Allocation DPD GRP": 45325,
    "SOFT/HARD": "SOFT",
    "MANUFACTURERDESC": "EICHER",
    "MAKE": "PRO 2080XPT",
    "REGDNUM": "MH-08-AP-4658",
    "CHASISNUM": "MC2EMDRC0MKB07101",
    "ENGINENUM": "E446CDMK022486",
    "ARMNAME": "VISHWAJIT SHIRKE-9923365858",
    "RRM Name & No": "Rohan Kadam-9860314045",
    "RBM Name & No": "NIRAJ GAIKWAD-7028944771",
    "FILENAME": "Tent Repo List - Jan 23 (1).xlsx",
    "BANK": "test",
    "HOLD": "",
    "RELEASE": "",
    "IN_YARD": "",
    "ACTION": ""
  },
  {
    "AGREEMENTNO": "XSHUGOA00004981008",
    "PRODUCT GRP": "CV",
    "SUB ZONE": "WEST 1",
    "REGION": "MH4",
    "AREA": "GOA",
    "BRANCH": "GOA",
    "CUSTOMERNAME": "IRFAN  PEERJADE",
    "Allocation DPD GRP": 45325,
    "SOFT/HARD": "SOFT",
    "MANUFACTURERDESC": "TATA MOTORS",
    "MAKE": "LPT 3118",
    "REGDNUM": "KA-22-C-2886",
    "CHASISNUM": "MAT466422FHE02777",
    "ENGINENUM": "51E84228668",
    "ARMNAME": "ARUN SHETKAR-9225643179",
    "RRM Name & No": "Rohan Kadam-9860314045",
    "RBM Name & No": "NIRAJ GAIKWAD-7028944771",
    "FILENAME": "Tent Repo List - Jan 23 (1).xlsx",
    "BANK": "test",
    "HOLD": "",
    "RELEASE": "",
    "IN_YARD": "",
    "ACTION": ""
  },
  {
    "AGREEMENTNO": "XVFPKVF00004374107",
    "PRODUCT GRP": "CV",
    "SUB ZONE": "WEST 1",
    "REGION": "MH4",
    "AREA": "KOLHAPUR",
    "BRANCH": "KOLHAPUR",
    "CUSTOMERNAME": "AMAR RAMCHANDRA PAWAR",
    "Allocation DPD GRP": 45325,
    "SOFT/HARD": "SOFT",
    "MANUFACTURERDESC": "ASHOK LEYLAND",
    "MAKE": "PARTNER",
    "REGDNUM": "MH-09-FL-9424",
    "CHASISNUM": "MB1AJ34KXMRCR7791",
    "ENGINENUM": "CMH502096P",
    "ARMNAME": "AJIT PATIL-8482883431",
    "RRM Name & No": "Rohan Kadam-9860314045",
    "RBM Name & No": "NIRAJ GAIKWAD-7028944771",
    "FILENAME": "Tent Repo List - Jan 23 (1).xlsx",
    "BANK": "test",
    "HOLD": "",
    "RELEASE": "",
    "IN_YARD": "",
    "ACTION": ""
  },
  {
    "AGREEMENTNO": "XSHUICA00004365478",
    "PRODUCT GRP": "CV",
    "SUB ZONE": "WEST 1",
    "REGION": "MH4",
    "AREA": "KOLHAPUR",
    "BRANCH": "ICHALKARANJI",
    "CUSTOMERNAME": "AMOL BHAGWAT GAIKWAD",
    "Allocation DPD GRP": 45325,
    "SOFT/HARD": "SOFT",
    "MANUFACTURERDESC": "TATA MOTORS",
    "MAKE": 3118,
    "REGDNUM": "KA-23-A-7700",
    "CHASISNUM": "MAT466420C5D08208",
    "ENGINENUM": "21C63248602",
    "ARMNAME": "AJIT PATIL-8482883431",
    "RRM Name & No": "Rohan Kadam-9860314045",
    "RBM Name & No": "NIRAJ GAIKWAD-7028944771",
    "FILENAME": "Tent Repo List - Jan 23 (1).xlsx",
    "BANK": "test",
    "HOLD": "",
    "RELEASE": "",
    "IN_YARD": "",
    "ACTION": ""
  },
  {
    "AGREEMENTNO": "XSHUSNG00003641219",
    "PRODUCT GRP": "CV",
    "SUB ZONE": "WEST 1",
    "REGION": "MH4",
    "AREA": "SANGLI",
    "BRANCH": "SANGLI",
    "CUSTOMERNAME": "ASHISH KUNTINATH KHICHADE",
    "Allocation DPD GRP": 45325,
    "SOFT/HARD": "SOFT",
    "MANUFACTURERDESC": "ASHOK LEYLAND",
    "MAKE": 1616,
    "REGDNUM": "MH-09-CU-2242",
    "CHASISNUM": "MB1A3DYC4EPCJ7689",
    "ENGINENUM": "EDPZ102445",
    "ARMNAME": "KAILAS SALEKAR-9702269194",
    "RRM Name & No": "Rohan Kadam-9860314045",
    "RBM Name & No": "NIRAJ GAIKWAD-7028944771",
    "FILENAME": "Tent Repo List - Jan 23 (1).xlsx",
    "BANK": "test",
    "HOLD": "",
    "RELEASE": "",
    "IN_YARD": "",
    "ACTION": ""
  },
  {
    "AGREEMENTNO": "XVFPSAR00002226339",
    "PRODUCT GRP": "CV",
    "SUB ZONE": "WEST 1",
    "REGION": "MH4",
    "AREA": "SATARA",
    "BRANCH": "SATARA",
    "CUSTOMERNAME": "Shrikant Jaysing Sawant",
    "Allocation DPD GRP": 45325,
    "SOFT/HARD": "SOFT",
    "MANUFACTURERDESC": "TATA MOTORS",
    "MAKE": "ULTRA",
    "REGDNUM": "MH-11-CH-1715",
    "CHASISNUM": "MAT764012H7P19383",
    "ENGINENUM": "5LNGDICR17PSY504952",
    "ARMNAME": "Rahul Waichal-9975955253",
    "RRM Name & No": "Rohan Kadam-9860314045",
    "RBM Name & No": "NIRAJ GAIKWAD-7028944771",
    "FILENAME": "Tent Repo List - Jan 23 (1).xlsx",
    "BANK": "test",
    "HOLD": "",
    "RELEASE": "",
    "IN_YARD": "",
    "ACTION": ""
  },
  {
    "AGREEMENTNO": "XSHUCPN00003967731",
    "PRODUCT GRP": "CV",
    "SUB ZONE": "WEST 1",
    "REGION": "MH4",
    "AREA": "RATNAGIRI",
    "BRANCH": "CHIPLUN",
    "CUSTOMERNAME": "NARESH YASHWANT SHINDE",
    "Allocation DPD GRP": 45325,
    "SOFT/HARD": "SOFT",
    "MANUFACTURERDESC": "EICHER",
    "MAKE": 11.1,
    "REGDNUM": "MH-08-W-7332",
    "CHASISNUM": "MC226HRC0DA078138",
    "ENGINENUM": "E483CDDA598904",
    "ARMNAME": "VISHWAJIT SHIRKE-9923365858",
    "RRM Name & No": "Rohan Kadam-9860314045",
    "RBM Name & No": "NIRAJ GAIKWAD-7028944771",
    "FILENAME": "Tent Repo List - Jan 23 (1).xlsx",
    "BANK": "test",
    "HOLD": "",
    "RELEASE": "",
    "IN_YARD": "",
    "ACTION": ""
  },
  {
    "AGREEMENTNO": "XVFPKVF00004389148",
    "PRODUCT GRP": "PV",
    "SUB ZONE": "WEST 1",
    "REGION": "MH4",
    "AREA": "KOLHAPUR",
    "BRANCH": "KOLHAPUR",
    "CUSTOMERNAME": "MUKESHKUMAR NATHURAM KUMAWAT",
    "Allocation DPD GRP": 45325,
    "SOFT/HARD": "SOFT",
    "MANUFACTURERDESC": "MARUTI SUZUKI",
    "MAKE": "ERTIGA",
    "REGDNUM": "MH-09-FJ-7797",
    "CHASISNUM": "MA3BNC52SKJ189814",
    "ENGINENUM": "E15AN1027352",
    "ARMNAME": "AJIT PATIL-8482883431",
    "RRM Name & No": "Rohan Kadam-9860314045",
    "RBM Name & No": "NIRAJ GAIKWAD-7028944771",
    "FILENAME": "Tent Repo List - Jan 23 (1).xlsx",
    "BANK": "test",
    "HOLD": "",
    "RELEASE": "",
    "IN_YARD": "",
    "ACTION": ""
  },
  {
    "AGREEMENTNO": "X0CEJAT00003700751",
    "PRODUCT GRP": "CE",
    "SUB ZONE": "WEST 1",
    "REGION": "MH4",
    "AREA": "SANGLI",
    "BRANCH": "JATH",
    "CUSTOMERNAME": "Sanjay Bhagwan Chugule",
    "Allocation DPD GRP": 45325,
    "SOFT/HARD": "SOFT",
    "MANUFACTURERDESC": "ACTION CONSTRUCTION EQUIPMENT LTD",
    "MAKE": "ACE MOBILE CRANE",
    "REGDNUM": "MH-14-CM-0632",
    "CHASISNUM": 6150827441,
    "ENGINENUM": "S433A76092",
    "ARMNAME": "KAILAS SALEKAR-9702269194",
    "RRM Name & No": "Rohan Kadam-9860314045",
    "RBM Name & No": "NIRAJ GAIKWAD-7028944771",
    "FILENAME": "Tent Repo List - Jan 23 (1).xlsx",
    "BANK": "test",
    "HOLD": "",
    "RELEASE": "",
    "IN_YARD": "",
    "ACTION": ""
  },
  {
    "AGREEMENTNO": "XVFPCPN00003619207",
    "PRODUCT GRP": "CV",
    "SUB ZONE": "WEST 1",
    "REGION": "MH4",
    "AREA": "RATNAGIRI",
    "BRANCH": "CHIPLUN",
    "CUSTOMERNAME": "SAURABH SANJAY GAVANANG",
    "Allocation DPD GRP": 45325,
    "SOFT/HARD": "SOFT",
    "MANUFACTURERDESC": "MAHINDRA AND MAHINDRA",
    "MAKE": "BIG BOLERO PICK UP",
    "REGDNUM": "MH-08-AP-3104",
    "CHASISNUM": "MA1ZU2TNKL1B25584",
    "ENGINENUM": "TNL1B40542",
    "ARMNAME": "VISHWAJIT SHIRKE-9923365858",
    "RRM Name & No": "Rohan Kadam-9860314045",
    "RBM Name & No": "NIRAJ GAIKWAD-7028944771",
    "FILENAME": "Tent Repo List - Jan 23 (1).xlsx",
    "BANK": "test",
    "HOLD": "",
    "RELEASE": "",
    "IN_YARD": "",
    "ACTION": ""
  },
  {
    "AGREEMENTNO": "XSHUSNG00003943458",
    "PRODUCT GRP": "CV",
    "SUB ZONE": "WEST 1",
    "REGION": "MH4",
    "AREA": "SANGLI",
    "BRANCH": "SANGLI",
    "CUSTOMERNAME": "RAMESH NAMDEV BIRUNAGI",
    "Allocation DPD GRP": 45325,
    "SOFT/HARD": "SOFT",
    "MANUFACTURERDESC": "EICHER",
    "MAKE": 11.1,
    "REGDNUM": "MH-14-EM-2759",
    "CHASISNUM": "MC2F8HRC0FA100309",
    "ENGINENUM": "E413CDEM013038",
    "ARMNAME": "KAILAS SALEKAR-9702269194",
    "RRM Name & No": "Rohan Kadam-9860314045",
    "RBM Name & No": "NIRAJ GAIKWAD-7028944771",
    "FILENAME": "Tent Repo List - Jan 23 (1).xlsx",
    "BANK": "test",
    "HOLD": "",
    "RELEASE": "",
    "IN_YARD": "",
    "ACTION": ""
  },
  {
    "AGREEMENTNO": "XVFPMAG00002089195",
    "PRODUCT GRP": "CV",
    "SUB ZONE": "WEST 1",
    "REGION": "MH4",
    "AREA": "GOA",
    "BRANCH": "MARGAO",
    "CUSTOMERNAME": "RAM  DESSAI",
    "Allocation DPD GRP": 45325,
    "SOFT/HARD": "SOFT",
    "MANUFACTURERDESC": "MAHINDRA",
    "MAKE": "BOLERO",
    "REGDNUM": "GA-09-U-5845",
    "CHASISNUM": "MA1RY2TBKH3G98107",
    "ENGINENUM": "TBH4G75744",
    "ARMNAME": "ARUN SHETKAR-9225643179",
    "RRM Name & No": "Rohan Kadam-9860314045",
    "RBM Name & No": "NIRAJ GAIKWAD-7028944771",
    "FILENAME": "Tent Repo List - Jan 23 (1).xlsx",
    "BANK": "test",
    "HOLD": "",
    "RELEASE": "",
    "IN_YARD": "",
    "ACTION": ""
  },
  {
    "AGREEMENTNO": "XSHUSAR00003714002",
    "PRODUCT GRP": "CV",
    "SUB ZONE": "WEST 1",
    "REGION": "MH4",
    "AREA": "SATARA",
    "BRANCH": "SATARA",
    "CUSTOMERNAME": "SANJAY TATYABA SABALE",
    "Allocation DPD GRP": 45325,
    "SOFT/HARD": "SOFT",
    "MANUFACTURERDESC": "ASHOK LEYLAND",
    "MAKE": 1616,
    "REGDNUM": "MH-14-CP-3729",
    "CHASISNUM": "MH50KRD133092019",
    "ENGINENUM": "YBP108866",
    "ARMNAME": "Rahul Waichal-9975955253",
    "RRM Name & No": "Rohan Kadam-9860314045",
    "RBM Name & No": "NIRAJ GAIKWAD-7028944771",
    "FILENAME": "Tent Repo List - Jan 23 (1).xlsx",
    "BANK": "test",
    "HOLD": "",
    "RELEASE": "",
    "IN_YARD": "",
    "ACTION": ""
  },
  {
    "AGREEMENTNO": "XSHUSAR00003805218",
    "PRODUCT GRP": "CV",
    "SUB ZONE": "WEST 1",
    "REGION": "MH4",
    "AREA": "SATARA",
    "BRANCH": "SATARA",
    "CUSTOMERNAME": "ANIL PATANG BUDHAVALE",
    "Allocation DPD GRP": 45325,
    "SOFT/HARD": "SOFT",
    "MANUFACTURERDESC": "MAHINDRA AND MAHINDRA",
    "MAKE": "BOLERO",
    "REGDNUM": "MH-11-CH-0589",
    "CHASISNUM": "MA1ZU2TBKH1F51860",
    "ENGINENUM": "TBH1F67061",
    "ARMNAME": "Rahul Waichal-9975955253",
    "RRM Name & No": "Rohan Kadam-9860314045",
    "RBM Name & No": "NIRAJ GAIKWAD-7028944771",
    "FILENAME": "Tent Repo List - Jan 23 (1).xlsx",
    "BANK": "test",
    "HOLD": "",
    "RELEASE": "",
    "IN_YARD": "",
    "ACTION": ""
  },
  {
    "AGREEMENTNO": "XSHURRI00002885382",
    "PRODUCT GRP": "PV",
    "SUB ZONE": "WEST 1",
    "REGION": "MH4",
    "AREA": "RATNAGIRI",
    "BRANCH": "RATNAGIRI",
    "CUSTOMERNAME": "ASHPAK ABDULLA ZARI",
    "Allocation DPD GRP": 45325,
    "SOFT/HARD": "SOFT",
    "MANUFACTURERDESC": "RENAULT",
    "MAKE": "DUSTER",
    "REGDNUM": "MH-45-S-3377",
    "CHASISNUM": "MEEHSRAWSE907115",
    "ENGINENUM": "E082804",
    "ARMNAME": "VISHWAJIT SHIRKE-9923365858",
    "RRM Name & No": "Rohan Kadam-9860314045",
    "RBM Name & No": "NIRAJ GAIKWAD-7028944771",
    "FILENAME": "Tent Repo List - Jan 23 (1).xlsx",
    "BANK": "test",
    "HOLD": "",
    "RELEASE": "",
    "IN_YARD": "",
    "ACTION": ""
  },
  {
    "AGREEMENTNO": "XSHUKKI00004202278",
    "PRODUCT GRP": "CV",
    "SUB ZONE": "WEST 1",
    "REGION": "MH4",
    "AREA": "RATNAGIRI",
    "BRANCH": "KANKAVALI",
    "CUSTOMERNAME": "SUFIYAN SHABBIR SHAIKH",
    "Allocation DPD GRP": 45325,
    "SOFT/HARD": "SOFT",
    "MANUFACTURERDESC": "TATA MOTORS",
    "MAKE": "LPT 1613",
    "REGDNUM": "MH-50-0903",
    "CHASISNUM": "MAT373339E7J14668",
    "ENGINENUM": "697TC69HVY110380",
    "ARMNAME": "VISHWAJIT SHIRKE-9923365858",
    "RRM Name & No": "Rohan Kadam-9860314045",
    "RBM Name & No": "NIRAJ GAIKWAD-7028944771",
    "FILENAME": "Tent Repo List - Jan 23 (1).xlsx",
    "BANK": "test",
    "HOLD": "",
    "RELEASE": "",
    "IN_YARD": "",
    "ACTION": ""
  },
  {
    "AGREEMENTNO": "XSHUCPN00002936824",
    "PRODUCT GRP": "CV",
    "SUB ZONE": "WEST 1",
    "REGION": "MH4",
    "AREA": "RATNAGIRI",
    "BRANCH": "CHIPLUN",
    "CUSTOMERNAME": "VIJAY RAJARAM KHARAT",
    "Allocation DPD GRP": 45325,
    "SOFT/HARD": "SOFT",
    "MANUFACTURERDESC": "EICHER",
    "MAKE": 11.1,
    "REGDNUM": "MH-11-AL-3738",
    "CHASISNUM": "MC226HRC0BA048302",
    "ENGINENUM": "E483CDBA516604",
    "ARMNAME": "VISHWAJIT SHIRKE-9923365858",
    "RRM Name & No": "Rohan Kadam-9860314045",
    "RBM Name & No": "NIRAJ GAIKWAD-7028944771",
    "FILENAME": "Tent Repo List - Jan 23 (1).xlsx",
    "BANK": "test",
    "HOLD": "",
    "RELEASE": "",
    "IN_YARD": "",
    "ACTION": ""
  },
  {
    "AGREEMENTNO": "XVFPSNG00002573124",
    "PRODUCT GRP": "CV",
    "SUB ZONE": "WEST 1",
    "REGION": "MH4",
    "AREA": "SANGLI",
    "BRANCH": "SANGLI",
    "CUSTOMERNAME": "Chetan Ashok Khot",
    "Allocation DPD GRP": 45325,
    "SOFT/HARD": "SOFT",
    "MANUFACTURERDESC": "ASHOK LEYLAND",
    "MAKE": "DOST STRONG",
    "REGDNUM": "MH-10-CR-2664",
    "CHASISNUM": "MB1AA22E3JRY27163",
    "ENGINENUM": "BJH034390P",
    "ARMNAME": "KAILAS SALEKAR-9702269194",
    "RRM Name & No": "Rohan Kadam-9860314045",
    "RBM Name & No": "NIRAJ GAIKWAD-7028944771",
    "FILENAME": "Tent Repo List - Jan 23 (1).xlsx",
    "BANK": "test",
    "HOLD": "",
    "RELEASE": "",
    "IN_YARD": "",
    "ACTION": ""
  },
  {
    "AGREEMENTNO": "XVFPRRI00004612372",
    "PRODUCT GRP": "CV",
    "SUB ZONE": "WEST 1",
    "REGION": "MH4",
    "AREA": "RATNAGIRI",
    "BRANCH": "RATNAGIRI",
    "CUSTOMERNAME": "MANDAR VIJAY SAWANT",
    "Allocation DPD GRP": 45325,
    "SOFT/HARD": "SOFT",
    "MANUFACTURERDESC": "EICHER",
    "MAKE": 11.1,
    "REGDNUM": "MH-11-AL-4237",
    "CHASISNUM": "MC226HRC0DE083450",
    "ENGINENUM": "E483CDDE613523",
    "ARMNAME": "VISHWAJIT SHIRKE-9923365858",
    "RRM Name & No": "Rohan Kadam-9860314045",
    "RBM Name & No": "NIRAJ GAIKWAD-7028944771",
    "FILENAME": "Tent Repo List - Jan 23 (1).xlsx",
    "BANK": "test",
    "HOLD": "",
    "RELEASE": "",
    "IN_YARD": "",
    "ACTION": ""
  },
  {
    "AGREEMENTNO": "XVFPCPN00002320457",
    "PRODUCT GRP": "CV",
    "SUB ZONE": "WEST 1",
    "REGION": "MH4",
    "AREA": "RATNAGIRI",
    "BRANCH": "KHED",
    "CUSTOMERNAME": "MOHAMMAD SIDDIQUE KHALIL PARKAR",
    "Allocation DPD GRP": 45325,
    "SOFT/HARD": "SOFT",
    "MANUFACTURERDESC": "TATA MOTORS",
    "MAKE": "SFC 709",
    "REGDNUM": "MH-08-AP-0870",
    "CHASISNUM": "MAT506332J8C06889",
    "ENGINENUM": "4SPCR11CRY612160",
    "ARMNAME": "VISHWAJIT SHIRKE-9923365858",
    "RRM Name & No": "Rohan Kadam-9860314045",
    "RBM Name & No": "NIRAJ GAIKWAD-7028944771",
    "FILENAME": "Tent Repo List - Jan 23 (1).xlsx",
    "BANK": "test",
    "HOLD": "",
    "RELEASE": "",
    "IN_YARD": "",
    "ACTION": ""
  },
  {
    "AGREEMENTNO": "XVFPCPN00002541091",
    "PRODUCT GRP": "CV",
    "SUB ZONE": "WEST 1",
    "REGION": "MH4",
    "AREA": "RATNAGIRI",
    "BRANCH": "KHED",
    "CUSTOMERNAME": "PINANK  PRAKASH INARKAR",
    "Allocation DPD GRP": 45325,
    "SOFT/HARD": "SOFT",
    "MANUFACTURERDESC": "FORCE MOTORS",
    "MAKE": "TRAVELLER SMOOTH 4020 MM WB",
    "REGDNUM": "MH-08-AP-1487",
    "CHASISNUM": "MC1E4EHA1KP005282",
    "ENGINENUM": "D67021379",
    "ARMNAME": "VISHWAJIT SHIRKE-9923365858",
    "RRM Name & No": "Rohan Kadam-9860314045",
    "RBM Name & No": "NIRAJ GAIKWAD-7028944771",
    "FILENAME": "Tent Repo List - Jan 23 (1).xlsx",
    "BANK": "test",
    "HOLD": "",
    "RELEASE": "",
    "IN_YARD": "",
    "ACTION": ""
  },
  {
    "AGREEMENTNO": "XSHUCPN00002816457",
    "PRODUCT GRP": "PV",
    "SUB ZONE": "WEST 1",
    "REGION": "MH4",
    "AREA": "RATNAGIRI",
    "BRANCH": "CHIPLUN",
    "CUSTOMERNAME": "SITARAM PANDURANG BANE",
    "Allocation DPD GRP": 45325,
    "SOFT/HARD": "SOFT",
    "MANUFACTURERDESC": "TOYOTA",
    "MAKE": "INNOVA",
    "REGDNUM": "MH-42-AB-5553",
    "CHASISNUM": "MBJ11JV4007404421",
    "ENGINENUM": "2KDU277832",
    "ARMNAME": "VISHWAJIT SHIRKE-9923365858",
    "RRM Name & No": "Rohan Kadam-9860314045",
    "RBM Name & No": "NIRAJ GAIKWAD-7028944771",
    "FILENAME": "Tent Repo List - Jan 23 (1).xlsx",
    "BANK": "test",
    "HOLD": "",
    "RELEASE": "",
    "IN_YARD": "",
    "ACTION": ""
  },
  {
    "AGREEMENTNO": "XSHUKED00004465046",
    "PRODUCT GRP": "CV",
    "SUB ZONE": "WEST 1",
    "REGION": "MH4",
    "AREA": "RATNAGIRI",
    "BRANCH": "KHED",
    "CUSTOMERNAME": "MARUTI VITHOBA DEVGHARE",
    "Allocation DPD GRP": 45325,
    "SOFT/HARD": "SOFT",
    "MANUFACTURERDESC": "TATA MOTORS",
    "MAKE": 1616,
    "REGDNUM": "MH-08-W-8461",
    "CHASISNUM": "MB1A3CFDXHPGW6563",
    "ENGINENUM": "GHPZ146683",
    "ARMNAME": "VISHWAJIT SHIRKE-9923365858",
    "RRM Name & No": "Rohan Kadam-9860314045",
    "RBM Name & No": "NIRAJ GAIKWAD-7028944771",
    "FILENAME": "Tent Repo List - Jan 23 (1).xlsx",
    "BANK": "test",
    "HOLD": "",
    "RELEASE": "",
    "IN_YARD": "",
    "ACTION": ""
  },
  {
    "AGREEMENTNO": "XSHUKKI00004487781",
    "PRODUCT GRP": "CV",
    "SUB ZONE": "WEST 1",
    "REGION": "MH4",
    "AREA": "RATNAGIRI",
    "BRANCH": "KANKAVALI",
    "CUSTOMERNAME": "MAHADEV Vinayak Thakur",
    "Allocation DPD GRP": 45325,
    "SOFT/HARD": "SOFT",
    "MANUFACTURERDESC": "TATA MOTORS",
    "MAKE": "SK 1613",
    "REGDNUM": "MH-09-CA-0559",
    "CHASISNUM": "MAT388128B2J21689",
    "ENGINENUM": "B591831112J63182805",
    "ARMNAME": "VISHWAJIT SHIRKE-9923365858",
    "RRM Name & No": "Rohan Kadam-9860314045",
    "RBM Name & No": "NIRAJ GAIKWAD-7028944771",
    "FILENAME": "Tent Repo List - Jan 23 (1).xlsx",
    "BANK": "test",
    "HOLD": "",
    "RELEASE": "",
    "IN_YARD": "",
    "ACTION": ""
  },
  {
    "AGREEMENTNO": "XSHURRI00003119269",
    "PRODUCT GRP": "PV",
    "SUB ZONE": "WEST 1",
    "REGION": "MH4",
    "AREA": "RATNAGIRI",
    "BRANCH": "RATNAGIRI",
    "CUSTOMERNAME": "SHILPA VILAS SANSARE",
    "Allocation DPD GRP": 45325,
    "SOFT/HARD": "SOFT",
    "MANUFACTURERDESC": "TOYOTA",
    "MAKE": "INNOVA",
    "REGDNUM": "MH-14-CZ-5445",
    "CHASISNUM": "MBJ11JV4007285174081",
    "ENGINENUM": "2KD6834809",
    "ARMNAME": "VISHWAJIT SHIRKE-9923365858",
    "RRM Name & No": "Rohan Kadam-9860314045",
    "RBM Name & No": "NIRAJ GAIKWAD-7028944771",
    "FILENAME": "Tent Repo List - Jan 23 (1).xlsx",
    "BANK": "test",
    "HOLD": "",
    "RELEASE": "",
    "IN_YARD": "",
    "ACTION": ""
  },
  {
    "AGREEMENTNO": "XVFPICA00003774315",
    "PRODUCT GRP": "CV",
    "SUB ZONE": "WEST 1",
    "REGION": "MH4",
    "AREA": "KOLHAPUR",
    "BRANCH": "ICHALKARANJI",
    "CUSTOMERNAME": "MUBARAK SALIM MUJAWAR",
    "Allocation DPD GRP": 45325,
    "SOFT/HARD": "SOFT",
    "MANUFACTURERDESC": "ASHOK LEYLAND",
    "MAKE": "DOST PLUS",
    "REGDNUM": "MH-09-FL-1985",
    "CHASISNUM": "MB1AA22EXLRBF5135",
    "ENGINENUM": "BLH026768P",
    "ARMNAME": "AJIT PATIL-8482883431",
    "RRM Name & No": "Rohan Kadam-9860314045",
    "RBM Name & No": "NIRAJ GAIKWAD-7028944771",
    "FILENAME": "Tent Repo List - Jan 23 (1).xlsx",
    "BANK": "test",
    "HOLD": "",
    "RELEASE": "",
    "IN_YARD": "",
    "ACTION": ""
  },
  {
    "AGREEMENTNO": "XVFPICA00003758338",
    "PRODUCT GRP": "CV",
    "SUB ZONE": "WEST 1",
    "REGION": "MH4",
    "AREA": "KOLHAPUR",
    "BRANCH": "ICHALKARANJI",
    "CUSTOMERNAME": "NARAYAN MARUTI CHAVAN",
    "Allocation DPD GRP": 45325,
    "SOFT/HARD": "SOFT",
    "MANUFACTURERDESC": "TATA MOTORS",
    "MAKE": "INTRA",
    "REGDNUM": "MH-09-FL-1460",
    "CHASISNUM": "MAT535072LYH14195",
    "ENGINENUM": "800CCDI02HZXS47925",
    "ARMNAME": "AJIT PATIL-8482883431",
    "RRM Name & No": "Rohan Kadam-9860314045",
    "RBM Name & No": "NIRAJ GAIKWAD-7028944771",
    "FILENAME": "Tent Repo List - Jan 23 (1).xlsx",
    "BANK": "test",
    "HOLD": "",
    "RELEASE": "",
    "IN_YARD": "",
    "ACTION": ""
  },
  {
    "AGREEMENTNO": "XSHUKDL00004512724",
    "PRODUCT GRP": "CV",
    "SUB ZONE": "WEST 1",
    "REGION": "MH4",
    "AREA": "RATNAGIRI",
    "BRANCH": "KUDAL",
    "CUSTOMERNAME": "SANJAY TUKARAM MANJAREKAR",
    "Allocation DPD GRP": 45325,
    "SOFT/HARD": "SOFT",
    "MANUFACTURERDESC": "TATA MOTORS",
    "MAKE": 1613,
    "REGDNUM": "MH-07-C-5400",
    "CHASISNUM": "373344CQZ703983",
    "ENGINENUM": "697TC55CQZ807074",
    "ARMNAME": "VISHWAJIT SHIRKE-9923365858",
    "RRM Name & No": "Rohan Kadam-9860314045",
    "RBM Name & No": "NIRAJ GAIKWAD-7028944771",
    "FILENAME": "Tent Repo List - Jan 23 (1).xlsx",
    "BANK": "test",
    "HOLD": "",
    "RELEASE": "",
    "IN_YARD": "",
    "ACTION": ""
  },
  {
    "AGREEMENTNO": "XVFPSNG00004011061",
    "PRODUCT GRP": "CV",
    "SUB ZONE": "WEST 1",
    "REGION": "MH4",
    "AREA": "SANGLI",
    "BRANCH": "SANGLI",
    "CUSTOMERNAME": "Shobha Sanjay Karande",
    "Allocation DPD GRP": 45325,
    "SOFT/HARD": "SOFT",
    "MANUFACTURERDESC": "EICHER",
    "MAKE": "1059 PRO XP",
    "REGDNUM": "MH-10-CR-5581",
    "CHASISNUM": "MC2B7ERC0JA391415",
    "ENGINENUM": "E414CDHM182198",
    "ARMNAME": "KAILAS SALEKAR-9702269194",
    "RRM Name & No": "Rohan Kadam-9860314045",
    "RBM Name & No": "NIRAJ GAIKWAD-7028944771",
    "FILENAME": "Tent Repo List - Jan 23 (1).xlsx",
    "BANK": "test",
    "HOLD": "",
    "RELEASE": "",
    "IN_YARD": "",
    "ACTION": ""
  },
  {
    "AGREEMENTNO": "XSHUJAT00004601955",
    "PRODUCT GRP": "PV",
    "SUB ZONE": "WEST 1",
    "REGION": "MH4",
    "AREA": "SANGLI",
    "BRANCH": "JATH",
    "CUSTOMERNAME": "BASAVRAJ CHANAPPA GHEJJI",
    "Allocation DPD GRP": 45325,
    "SOFT/HARD": "SOFT",
    "MANUFACTURERDESC": "MAHINDRA",
    "MAKE": "BOLERO",
    "REGDNUM": "MH-11-AK-9513",
    "CHASISNUM": "MA1WG2GHKA2F91929",
    "ENGINENUM": "GHA4F36555",
    "ARMNAME": "KAILAS SALEKAR-9702269194",
    "RRM Name & No": "Rohan Kadam-9860314045",
    "RBM Name & No": "NIRAJ GAIKWAD-7028944771",
    "FILENAME": "Tent Repo List - Jan 23 (1).xlsx",
    "BANK": "test",
    "HOLD": "",
    "RELEASE": "",
    "IN_YARD": "",
    "ACTION": ""
  },
  {
    "AGREEMENTNO": "XVFPKKI00003602317",
    "PRODUCT GRP": "CV",
    "SUB ZONE": "WEST 1",
    "REGION": "MH4",
    "AREA": "RATNAGIRI",
    "BRANCH": "KANKAVALI",
    "CUSTOMERNAME": "SANJAY ANANT DEOULKAR",
    "Allocation DPD GRP": 45325,
    "SOFT/HARD": "SOFT",
    "MANUFACTURERDESC": "MAHINDRA AND MAHINDRA",
    "MAKE": "BIG BOLERO PICK UP",
    "REGDNUM": "MH-07-AJ-0004",
    "CHASISNUM": "MA1ZU2TNKL1B25541",
    "ENGINENUM": "TNL1B40926",
    "ARMNAME": "VISHWAJIT SHIRKE-9923365858",
    "RRM Name & No": "Rohan Kadam-9860314045",
    "RBM Name & No": "NIRAJ GAIKWAD-7028944771",
    "FILENAME": "Tent Repo List - Jan 23 (1).xlsx",
    "BANK": "test",
    "HOLD": "",
    "RELEASE": "",
    "IN_YARD": "",
    "ACTION": ""
  },
  {
    "AGREEMENTNO": "XVFPICA00003453004",
    "PRODUCT GRP": "CV",
    "SUB ZONE": "WEST 1",
    "REGION": "MH4",
    "AREA": "KOLHAPUR",
    "BRANCH": "ICHALKARANJI",
    "CUSTOMERNAME": "CHANDRASHEKHAR SANGPPA ARESHANKAR",
    "Allocation DPD GRP": 45325,
    "SOFT/HARD": "SOFT",
    "MANUFACTURERDESC": "ASHOK LEYLAND",
    "MAKE": "DOST STRONG",
    "REGDNUM": "MH-09-FL-0629",
    "CHASISNUM": "MB1AA22E2LRK93138",
    "ENGINENUM": "XKH054072P",
    "ARMNAME": "AJIT PATIL-8482883431",
    "RRM Name & No": "Rohan Kadam-9860314045",
    "RBM Name & No": "NIRAJ GAIKWAD-7028944771",
    "FILENAME": "Tent Repo List - Jan 23 (1).xlsx",
    "BANK": "test",
    "HOLD": "",
    "RELEASE": "",
    "IN_YARD": "",
    "ACTION": ""
  },
  {
    "AGREEMENTNO": "XVFPKVF00002186935",
    "PRODUCT GRP": "CV",
    "SUB ZONE": "WEST 1",
    "REGION": "MH4",
    "AREA": "KOLHAPUR",
    "BRANCH": "KOLHAPUR",
    "CUSTOMERNAME": "Vijay Shivaji Kamble",
    "Allocation DPD GRP": 45325,
    "SOFT/HARD": "SOFT",
    "MANUFACTURERDESC": "MAHINDRA",
    "MAKE": "BOLERO",
    "REGDNUM": "MH-09-EM-1830",
    "CHASISNUM": "MA1ZP2TBKH2J64385",
    "ENGINENUM": "TBH4J82466",
    "ARMNAME": "AJIT PATIL-8482883431",
    "RRM Name & No": "Rohan Kadam-9860314045",
    "RBM Name & No": "NIRAJ GAIKWAD-7028944771",
    "FILENAME": "Tent Repo List - Jan 23 (1).xlsx",
    "BANK": "test",
    "HOLD": "",
    "RELEASE": "",
    "IN_YARD": "",
    "ACTION": ""
  },
  {
    "AGREEMENTNO": "XVFPRRI00003670932",
    "PRODUCT GRP": "CV",
    "SUB ZONE": "WEST 1",
    "REGION": "MH4",
    "AREA": "RATNAGIRI",
    "BRANCH": "RATNAGIRI",
    "CUSTOMERNAME": "AJAY ASHOK PAWAR",
    "Allocation DPD GRP": 45325,
    "SOFT/HARD": "SOFT",
    "MANUFACTURERDESC": "MAHINDRA AND MAHINDRA",
    "MAKE": "BIG BOLERO PICK UP",
    "REGDNUM": "MH-08-AP-9441",
    "CHASISNUM": "MA1ZU2TNKL1B25678",
    "ENGINENUM": "TNL1B40946",
    "ARMNAME": "VISHWAJIT SHIRKE-9923365858",
    "RRM Name & No": "Rohan Kadam-9860314045",
    "RBM Name & No": "NIRAJ GAIKWAD-7028944771",
    "FILENAME": "Tent Repo List - Jan 23 (1).xlsx",
    "BANK": "test",
    "HOLD": "",
    "RELEASE": "",
    "IN_YARD": "",
    "ACTION": ""
  },
  {
    "AGREEMENTNO": "XSHUMAG00003350686",
    "PRODUCT GRP": "CV",
    "SUB ZONE": "WEST 1",
    "REGION": "MH4",
    "AREA": "GOA",
    "BRANCH": "GOA",
    "CUSTOMERNAME": "GITESH  MADKAR",
    "Allocation DPD GRP": 45325,
    "SOFT/HARD": "SOFT",
    "MANUFACTURERDESC": "EICHER",
    "MAKE": "TERRA 16",
    "REGDNUM": "GA-04-T-2872",
    "CHASISNUM": "MC230ERC0BC020505",
    "ENGINENUM": "E683CDBC505213",
    "ARMNAME": "ARUN SHETKAR-9225643179",
    "RRM Name & No": "Rohan Kadam-9860314045",
    "RBM Name & No": "NIRAJ GAIKWAD-7028944771",
    "FILENAME": "Tent Repo List - Jan 23 (1).xlsx",
    "BANK": "test",
    "HOLD": "",
    "RELEASE": "",
    "IN_YARD": "",
    "ACTION": ""
  },
  {
    "AGREEMENTNO": "XVFPSAR00004037809",
    "PRODUCT GRP": "CV",
    "SUB ZONE": "WEST 1",
    "REGION": "MH4",
    "AREA": "SATARA",
    "BRANCH": "SATARA",
    "CUSTOMERNAME": "AMOL VITTHAL BODARE",
    "Allocation DPD GRP": 45325,
    "SOFT/HARD": "SOFT",
    "MANUFACTURERDESC": "TATA MOTORS",
    "MAKE": "YODHA",
    "REGDNUM": "MH-11-CH-8809",
    "CHASISNUM": "MAT464662MSA00487",
    "ENGINENUM": "VARICOR12AYXJ00268",
    "ARMNAME": "Rahul Waichal-9975955253",
    "RRM Name & No": "Rohan Kadam-9860314045",
    "RBM Name & No": "NIRAJ GAIKWAD-7028944771",
    "FILENAME": "Tent Repo List - Jan 23 (1).xlsx",
    "BANK": "test",
    "HOLD": "",
    "RELEASE": "",
    "IN_YARD": "",
    "ACTION": ""
  },
  {
    "AGREEMENTNO": "XVFPKVF00004593954",
    "PRODUCT GRP": "CV",
    "SUB ZONE": "WEST 1",
    "REGION": "MH4",
    "AREA": "KOLHAPUR",
    "BRANCH": "KOLHAPUR",
    "CUSTOMERNAME": "SURESH DAGADU VAGHAVEKAR",
    "Allocation DPD GRP": 45325,
    "SOFT/HARD": "SOFT",
    "MANUFACTURERDESC": "ASHOK LEYLAND",
    "MAKE": "DOST STRONG",
    "REGDNUM": "MH-09-FL-4773",
    "CHASISNUM": "MB1AA22E0NRMU0110",
    "ENGINENUM": "NMH063456P",
    "ARMNAME": "AJIT PATIL-8482883431",
    "RRM Name & No": "Rohan Kadam-9860314045",
    "RBM Name & No": "NIRAJ GAIKWAD-7028944771",
    "FILENAME": "Tent Repo List - Jan 23 (1).xlsx",
    "BANK": "test",
    "HOLD": "",
    "RELEASE": "",
    "IN_YARD": "",
    "ACTION": ""
  },
  {
    "AGREEMENTNO": "XSHUKDL00004482218",
    "PRODUCT GRP": "CV",
    "SUB ZONE": "WEST 1",
    "REGION": "MH4",
    "AREA": "RATNAGIRI",
    "BRANCH": "KUDAL",
    "CUSTOMERNAME": "PRATIKSHA PRADEEP PAWAR",
    "Allocation DPD GRP": 45325,
    "SOFT/HARD": "SOFT",
    "MANUFACTURERDESC": "EICHER",
    "MAKE": 11.1,
    "REGDNUM": "MH-07-C-5028",
    "CHASISNUM": "33GC8J029679",
    "ENGINENUM": "E483CD8J197747",
    "ARMNAME": "VISHWAJIT SHIRKE-9923365858",
    "RRM Name & No": "Rohan Kadam-9860314045",
    "RBM Name & No": "NIRAJ GAIKWAD-7028944771",
    "FILENAME": "Tent Repo List - Jan 23 (1).xlsx",
    "BANK": "test",
    "HOLD": "",
    "RELEASE": "",
    "IN_YARD": "",
    "ACTION": ""
  },
  {
    "AGREEMENTNO": "XVFPSAR00004682884",
    "PRODUCT GRP": "CV",
    "SUB ZONE": "WEST 1",
    "REGION": "MH4",
    "AREA": "SATARA",
    "BRANCH": "SATARA",
    "CUSTOMERNAME": "Mahesh Chhagan Phadtare",
    "Allocation DPD GRP": 45325,
    "SOFT/HARD": "SOFT",
    "MANUFACTURERDESC": "TATA MOTORS",
    "MAKE": "INTRA",
    "REGDNUM": "MH-11-DD-0929",
    "CHASISNUM": "MAT535073NYC12383",
    "ENGINENUM": "15CRAIL05CXXS35987",
    "ARMNAME": "Rahul Waichal-9975955253",
    "RRM Name & No": "Rohan Kadam-9860314045",
    "RBM Name & No": "NIRAJ GAIKWAD-7028944771",
    "FILENAME": "Tent Repo List - Jan 23 (1).xlsx",
    "BANK": "test",
    "HOLD": "",
    "RELEASE": "",
    "IN_YARD": "",
    "ACTION": ""
  },
  {
    "AGREEMENTNO": "XSHUKRD00004455220",
    "PRODUCT GRP": "CV",
    "SUB ZONE": "WEST 1",
    "REGION": "MH4",
    "AREA": "SATARA",
    "BRANCH": "KARAD",
    "CUSTOMERNAME": "UMESH ASHOK KADAM",
    "Allocation DPD GRP": 45325,
    "SOFT/HARD": "SOFT",
    "MANUFACTURERDESC": "ASHOK LEYLAND",
    "MAKE": 1616,
    "REGDNUM": "MH-50-5060",
    "CHASISNUM": "MB1A3DYC8BESF8553",
    "ENGINENUM": "SBE153718Z",
    "ARMNAME": "Rahul Waichal-9975955253",
    "RRM Name & No": "Rohan Kadam-9860314045",
    "RBM Name & No": "NIRAJ GAIKWAD-7028944771",
    "FILENAME": "Tent Repo List - Jan 23 (1).xlsx",
    "BANK": "test",
    "HOLD": "",
    "RELEASE": "",
    "IN_YARD": "",
    "ACTION": ""
  },
  {
    "AGREEMENTNO": "XVFPRRI00004367927",
    "PRODUCT GRP": "CV",
    "SUB ZONE": "WEST 1",
    "REGION": "MH4",
    "AREA": "RATNAGIRI",
    "BRANCH": "RATNAGIRI",
    "CUSTOMERNAME": "JAVED AHMAD KAZI",
    "Allocation DPD GRP": 45325,
    "SOFT/HARD": "SOFT",
    "MANUFACTURERDESC": "TATA MOTORS",
    "MAKE": "INTRA",
    "REGDNUM": "MH-08-AP-4389",
    "CHASISNUM": "MAT535069MYD21292",
    "ENGINENUM": "15CRAIL05DYXS38647",
    "ARMNAME": "VISHWAJIT SHIRKE-9923365858",
    "RRM Name & No": "Rohan Kadam-9860314045",
    "RBM Name & No": "NIRAJ GAIKWAD-7028944771",
    "FILENAME": "Tent Repo List - Jan 23 (1).xlsx",
    "BANK": "test",
    "HOLD": "",
    "RELEASE": "",
    "IN_YARD": "",
    "ACTION": ""
  },
  {
    "AGREEMENTNO": "XSHUKDL00004831791",
    "PRODUCT GRP": "CV",
    "SUB ZONE": "WEST 1",
    "REGION": "MH4",
    "AREA": "RATNAGIRI",
    "BRANCH": "KUDAL",
    "CUSTOMERNAME": "Nagesh Vasudev Karalkar",
    "Allocation DPD GRP": 45325,
    "SOFT/HARD": "SOFT",
    "MANUFACTURERDESC": "EICHER",
    "MAKE": "TERRA",
    "REGDNUM": "MH-06-AQ-9586",
    "CHASISNUM": "MC230ERC0BE021780",
    "ENGINENUM": "E683CDBE507013",
    "ARMNAME": "VISHWAJIT SHIRKE-9923365858",
    "RRM Name & No": "Rohan Kadam-9860314045",
    "RBM Name & No": "NIRAJ GAIKWAD-7028944771",
    "FILENAME": "Tent Repo List - Jan 23 (1).xlsx",
    "BANK": "test",
    "HOLD": "",
    "RELEASE": "",
    "IN_YARD": "",
    "ACTION": ""
  },
  {
    "AGREEMENTNO": "XSHUGOA00002869853",
    "PRODUCT GRP": "CV",
    "SUB ZONE": "WEST 1",
    "REGION": "MH4",
    "AREA": "GOA",
    "BRANCH": "GOA",
    "CUSTOMERNAME": "GANESH BHIMU RATHOD",
    "Allocation DPD GRP": 45325,
    "SOFT/HARD": "SOFT",
    "MANUFACTURERDESC": "SML ISUZU",
    "MAKE": "SAMRAT TIPER CHAS PS M.AXLE AGB",
    "REGDNUM": "GA-03-W-1510",
    "CHASISNUM": "MBUZT54XAV0216022",
    "ENGINENUM": "SLTHT3AV209655",
    "ARMNAME": "ARUN SHETKAR-9225643179",
    "RRM Name & No": "Rohan Kadam-9860314045",
    "RBM Name & No": "NIRAJ GAIKWAD-7028944771",
    "FILENAME": "Tent Repo List - Jan 23 (1).xlsx",
    "BANK": "test",
    "HOLD": "",
    "RELEASE": "",
    "IN_YARD": "",
    "ACTION": ""
  },
  {
    "AGREEMENTNO": "XSHUGOA00004072531",
    "PRODUCT GRP": "PV",
    "SUB ZONE": "WEST 1",
    "REGION": "MH4",
    "AREA": "GOA",
    "BRANCH": "GOA",
    "CUSTOMERNAME": "PRASAD ATMARAM NAIK",
    "Allocation DPD GRP": 45325,
    "SOFT/HARD": "SOFT",
    "MANUFACTURERDESC": "MARUTI SUZUKI",
    "MAKE": "ERTIGA",
    "REGDNUM": "GA-03-P-7999",
    "CHASISNUM": "MA3FLEB1S00172763BD",
    "ENGINENUM": "D13A1944786",
    "ARMNAME": "ARUN SHETKAR-9225643179",
    "RRM Name & No": "Rohan Kadam-9860314045",
    "RBM Name & No": "NIRAJ GAIKWAD-7028944771",
    "FILENAME": "Tent Repo List - Jan 23 (1).xlsx",
    "BANK": "test",
    "HOLD": "",
    "RELEASE": "",
    "IN_YARD": "",
    "ACTION": ""
  },
  {
    "AGREEMENTNO": "XVFPMAG00004694561",
    "PRODUCT GRP": "CV",
    "SUB ZONE": "WEST 1",
    "REGION": "MH4",
    "AREA": "GOA",
    "BRANCH": "MARGAO",
    "CUSTOMERNAME": "CHANDAN  GAUDE",
    "Allocation DPD GRP": 45325,
    "SOFT/HARD": "SOFT",
    "MANUFACTURERDESC": "TATA MOTORS",
    "MAKE": "INTRA",
    "REGDNUM": "GA-05-T-6228",
    "CHASISNUM": "MAT535073NYA03610",
    "ENGINENUM": "15CRAIL05AXXS10122",
    "ARMNAME": "ARUN SHETKAR-9225643179",
    "RRM Name & No": "Rohan Kadam-9860314045",
    "RBM Name & No": "NIRAJ GAIKWAD-7028944771",
    "FILENAME": "Tent Repo List - Jan 23 (1).xlsx",
    "BANK": "test",
    "HOLD": "",
    "RELEASE": "",
    "IN_YARD": "",
    "ACTION": ""
  },
  {
    "AGREEMENTNO": "XSHUJAT00004602610",
    "PRODUCT GRP": "PV",
    "SUB ZONE": "WEST 1",
    "REGION": "MH4",
    "AREA": "SANGLI",
    "BRANCH": "JATH",
    "CUSTOMERNAME": "ANANDA BABASO KAPASE",
    "Allocation DPD GRP": 45325,
    "SOFT/HARD": "SOFT",
    "MANUFACTURERDESC": "MAHINDRA",
    "MAKE": "SCORPIO",
    "REGDNUM": "MH-10-CA-8652",
    "CHASISNUM": "MA1TA2WGXG2K37689",
    "ENGINENUM": "WGG4K29043",
    "ARMNAME": "KAILAS SALEKAR-9702269194",
    "RRM Name & No": "Rohan Kadam-9860314045",
    "RBM Name & No": "NIRAJ GAIKWAD-7028944771",
    "FILENAME": "Tent Repo List - Jan 23 (1).xlsx",
    "BANK": "test",
    "HOLD": "",
    "RELEASE": "",
    "IN_YARD": "",
    "ACTION": ""
  },
  {
    "AGREEMENTNO": "XVFPMAG00003988062",
    "PRODUCT GRP": "CV",
    "SUB ZONE": "WEST 1",
    "REGION": "MH4",
    "AREA": "GOA",
    "BRANCH": "MARGAO",
    "CUSTOMERNAME": "SADIQ  SYKALGAR",
    "Allocation DPD GRP": 45325,
    "SOFT/HARD": "SOFT",
    "MANUFACTURERDESC": "MAHINDRA AND MAHINDRA",
    "MAKE": "BOLERO",
    "REGDNUM": "GA-05-T-5816",
    "CHASISNUM": "MA1ZU2TNKM1A10862",
    "ENGINENUM": "TNL1M76762",
    "ARMNAME": "ARUN SHETKAR-9225643179",
    "RRM Name & No": "Rohan Kadam-9860314045",
    "RBM Name & No": "NIRAJ GAIKWAD-7028944771",
    "FILENAME": "Tent Repo List - Jan 23 (1).xlsx",
    "BANK": "test",
    "HOLD": "",
    "RELEASE": "",
    "IN_YARD": "",
    "ACTION": ""
  },
  {
    "AGREEMENTNO": "XVFPSNG00004519943",
    "PRODUCT GRP": "CV",
    "SUB ZONE": "WEST 1",
    "REGION": "MH4",
    "AREA": "SANGLI",
    "BRANCH": "SANGLI",
    "CUSTOMERNAME": "BHAGAVAN NIVRITI MADANE",
    "Allocation DPD GRP": 45325,
    "SOFT/HARD": "SOFT",
    "MANUFACTURERDESC": "EICHER",
    "MAKE": 10.5,
    "REGDNUM": "MH-11-AG-3339",
    "CHASISNUM": "211ERCO9J188799",
    "ENGINENUM": "E483CD9J215092",
    "ARMNAME": "KAILAS SALEKAR-9702269194",
    "RRM Name & No": "Rohan Kadam-9860314045",
    "RBM Name & No": "NIRAJ GAIKWAD-7028944771",
    "FILENAME": "Tent Repo List - Jan 23 (1).xlsx",
    "BANK": "test",
    "HOLD": "",
    "RELEASE": "",
    "IN_YARD": "",
    "ACTION": ""
  },
  {
    "AGREEMENTNO": "XSHUJAT00004476230",
    "PRODUCT GRP": "CV",
    "SUB ZONE": "WEST 1",
    "REGION": "MH4",
    "AREA": "SANGLI",
    "BRANCH": "JATH",
    "CUSTOMERNAME": "HANMANT SHANKAR SHINDE",
    "Allocation DPD GRP": 45325,
    "SOFT/HARD": "SOFT",
    "MANUFACTURERDESC": "FORCE MOTORS",
    "MAKE": "TRAVELLER MINIBUS 3350 MM WB",
    "REGDNUM": "MH-48-K-0263",
    "CHASISNUM": "MC1EDLA3DP008883",
    "ENGINENUM": "D3702375",
    "ARMNAME": "KAILAS SALEKAR-9702269194",
    "RRM Name & No": "Rohan Kadam-9860314045",
    "RBM Name & No": "NIRAJ GAIKWAD-7028944771",
    "FILENAME": "Tent Repo List - Jan 23 (1).xlsx",
    "BANK": "test",
    "HOLD": "",
    "RELEASE": "",
    "IN_YARD": "",
    "ACTION": ""
  },
  {
    "AGREEMENTNO": "XSHUGOA00003947656",
    "PRODUCT GRP": "PV",
    "SUB ZONE": "WEST 1",
    "REGION": "MH4",
    "AREA": "GOA",
    "BRANCH": "GOA",
    "CUSTOMERNAME": "SANCHITA SACHIN ANVEKAR",
    "Allocation DPD GRP": 45325,
    "SOFT/HARD": "SOFT",
    "MANUFACTURERDESC": "TOYOTA",
    "MAKE": "INNOVA",
    "REGDNUM": "GA-04-E-0002",
    "CHASISNUM": "MBJ11JV40073676001012",
    "ENGINENUM": "2KDU145192",
    "ARMNAME": "ARUN SHETKAR-9225643179",
    "RRM Name & No": "Rohan Kadam-9860314045",
    "RBM Name & No": "NIRAJ GAIKWAD-7028944771",
    "FILENAME": "Tent Repo List - Jan 23 (1).xlsx",
    "BANK": "test",
    "HOLD": "",
    "RELEASE": "",
    "IN_YARD": "",
    "ACTION": ""
  },
  {
    "AGREEMENTNO": "XVFPMAG00004598670",
    "PRODUCT GRP": "CV",
    "SUB ZONE": "WEST 1",
    "REGION": "MH4",
    "AREA": "GOA",
    "BRANCH": "MARGAO",
    "CUSTOMERNAME": "DASHRATH  VARSEKAR",
    "Allocation DPD GRP": 45325,
    "SOFT/HARD": "SOFT",
    "MANUFACTURERDESC": "TATA MOTORS",
    "MAKE": "INTRA",
    "REGDNUM": "GA-12-T-0519",
    "CHASISNUM": "MAT535073MYJ38050",
    "ENGINENUM": "15CRAIL05JYXS84132",
    "ARMNAME": "ARUN SHETKAR-9225643179",
    "RRM Name & No": "Rohan Kadam-9860314045",
    "RBM Name & No": "NIRAJ GAIKWAD-7028944771",
    "FILENAME": "Tent Repo List - Jan 23 (1).xlsx",
    "BANK": "test",
    "HOLD": "",
    "RELEASE": "",
    "IN_YARD": "",
    "ACTION": ""
  },
  {
    "AGREEMENTNO": "XSHUSAR00002519131",
    "PRODUCT GRP": "PV",
    "SUB ZONE": "WEST 1",
    "REGION": "MH4",
    "AREA": "SATARA",
    "BRANCH": "SATARA",
    "CUSTOMERNAME": "ANANT SOPAN KANSE",
    "Allocation DPD GRP": 45325,
    "SOFT/HARD": "SOFT",
    "MANUFACTURERDESC": "MAHINDRA",
    "MAKE": "BOLERO",
    "REGDNUM": "MH-11-AW-4101",
    "CHASISNUM": "MA1WG2GHKB2G86055",
    "ENGINENUM": "GHB4G26723",
    "ARMNAME": "Rahul Waichal-9975955253",
    "RRM Name & No": "Rohan Kadam-9860314045",
    "RBM Name & No": "NIRAJ GAIKWAD-7028944771",
    "FILENAME": "Tent Repo List - Jan 23 (1).xlsx",
    "BANK": "test",
    "HOLD": "",
    "RELEASE": "",
    "IN_YARD": "",
    "ACTION": ""
  },
  {
    "AGREEMENTNO": "XVFPCPN00003694648",
    "PRODUCT GRP": "CV",
    "SUB ZONE": "WEST 1",
    "REGION": "MH4",
    "AREA": "RATNAGIRI",
    "BRANCH": "CHIPLUN",
    "CUSTOMERNAME": "RAGHUNATH BABU THASALE",
    "Allocation DPD GRP": 45325,
    "SOFT/HARD": "SOFT",
    "MANUFACTURERDESC": "TATA MOTORS",
    "MAKE": "INTRA",
    "REGDNUM": "MH-08-AP-3179",
    "CHASISNUM": "MAT535073LYG10616",
    "ENGINENUM": "15CRAIL05GZXS38469",
    "ARMNAME": "VISHWAJIT SHIRKE-9923365858",
    "RRM Name & No": "Rohan Kadam-9860314045",
    "RBM Name & No": "NIRAJ GAIKWAD-7028944771",
    "FILENAME": "Tent Repo List - Jan 23 (1).xlsx",
    "BANK": "test",
    "HOLD": "",
    "RELEASE": "",
    "IN_YARD": "",
    "ACTION": ""
  },
  {
    "AGREEMENTNO": "XSHUKRD00003276838",
    "PRODUCT GRP": "PV",
    "SUB ZONE": "WEST 1",
    "REGION": "MH4",
    "AREA": "SATARA",
    "BRANCH": "KARAD",
    "CUSTOMERNAME": "RANJIT SANJAY GHADAGE",
    "Allocation DPD GRP": 45325,
    "SOFT/HARD": "SOFT",
    "MANUFACTURERDESC": "MAHINDRA",
    "MAKE": "SCORPIO",
    "REGDNUM": "MH-14-DN-9943",
    "CHASISNUM": "MA1TA2GMKC2K51116",
    "ENGINENUM": "GMC4K52461",
    "ARMNAME": "Rahul Waichal-9975955253",
    "RRM Name & No": "Rohan Kadam-9860314045",
    "RBM Name & No": "NIRAJ GAIKWAD-7028944771",
    "FILENAME": "Tent Repo List - Jan 23 (1).xlsx",
    "BANK": "test",
    "HOLD": "",
    "RELEASE": "",
    "IN_YARD": "",
    "ACTION": ""
  },
  {
    "AGREEMENTNO": "XSHUVIT00004080978",
    "PRODUCT GRP": "PV",
    "SUB ZONE": "WEST 1",
    "REGION": "MH4",
    "AREA": "SANGLI",
    "BRANCH": "VITA",
    "CUSTOMERNAME": "NIHAL PHIROJ SHAIKH",
    "Allocation DPD GRP": 45325,
    "SOFT/HARD": "SOFT",
    "MANUFACTURERDESC": "HYUNDAI",
    "MAKE": "HYUNDAI CRETA",
    "REGDNUM": "MH-50-L-2211",
    "CHASISNUM": "MALC181RLHM312191",
    "ENGINENUM": "D4FCHM427952",
    "ARMNAME": "KAILAS SALEKAR-9702269194",
    "RRM Name & No": "Rohan Kadam-9860314045",
    "RBM Name & No": "NIRAJ GAIKWAD-7028944771",
    "FILENAME": "Tent Repo List - Jan 23 (1).xlsx",
    "BANK": "test",
    "HOLD": "",
    "RELEASE": "",
    "IN_YARD": "",
    "ACTION": ""
  },
  {
    "AGREEMENTNO": "XVFPRRI00004654014",
    "PRODUCT GRP": "CV",
    "SUB ZONE": "WEST 1",
    "REGION": "MH4",
    "AREA": "RATNAGIRI",
    "BRANCH": "RATNAGIRI",
    "CUSTOMERNAME": "OMKAR DIPAK PATANKAR",
    "Allocation DPD GRP": 45325,
    "SOFT/HARD": "SOFT",
    "MANUFACTURERDESC": "TATA MOTORS",
    "MAKE": "INTRA",
    "REGDNUM": "MH-08-AP-4711",
    "CHASISNUM": "MAT535069NYC11621",
    "ENGINENUM": "15CRAIL05CXXS32082",
    "ARMNAME": "VISHWAJIT SHIRKE-9923365858",
    "RRM Name & No": "Rohan Kadam-9860314045",
    "RBM Name & No": "NIRAJ GAIKWAD-7028944771",
    "FILENAME": "Tent Repo List - Jan 23 (1).xlsx",
    "BANK": "test",
    "HOLD": "",
    "RELEASE": "",
    "IN_YARD": "",
    "ACTION": ""
  },
  {
    "AGREEMENTNO": "XSHURUJ00004820366",
    "PRODUCT GRP": "CV",
    "SUB ZONE": "WEST 1",
    "REGION": "MH4",
    "AREA": "RATNAGIRI",
    "BRANCH": "RAJAPUR",
    "CUSTOMERNAME": "VINOD HARICHANDRA RATHOD",
    "Allocation DPD GRP": 45325,
    "SOFT/HARD": "SOFT",
    "MANUFACTURERDESC": "MAHINDRA AND MAHINDRA",
    "MAKE": "BOLERO",
    "REGDNUM": "MH-09-EM-3092",
    "CHASISNUM": "MA1ZN2TBKJ2C63957",
    "ENGINENUM": "TBJ4C76728",
    "ARMNAME": "VISHWAJIT SHIRKE-9923365858",
    "RRM Name & No": "Rohan Kadam-9860314045",
    "RBM Name & No": "NIRAJ GAIKWAD-7028944771",
    "FILENAME": "Tent Repo List - Jan 23 (1).xlsx",
    "BANK": "test",
    "HOLD": "",
    "RELEASE": "",
    "IN_YARD": "",
    "ACTION": ""
  },
  {
    "AGREEMENTNO": "XVFPGOA00003213535",
    "PRODUCT GRP": "CV",
    "SUB ZONE": "WEST 1",
    "REGION": "MH4",
    "AREA": "GOA",
    "BRANCH": "GOA",
    "CUSTOMERNAME": "HABLOT MANUFACTURING CONSTRUCTION COMPANY",
    "Allocation DPD GRP": 45325,
    "SOFT/HARD": "SOFT",
    "MANUFACTURERDESC": "MAHINDRA",
    "MAKE": "BOLERO",
    "REGDNUM": "GA-05-T-9377",
    "CHASISNUM": "MA1ZU2TBKK1J72782",
    "ENGINENUM": "TBK1J78799",
    "ARMNAME": "ARUN SHETKAR-9225643179",
    "RRM Name & No": "Rohan Kadam-9860314045",
    "RBM Name & No": "NIRAJ GAIKWAD-7028944771",
    "FILENAME": "Tent Repo List - Jan 23 (1).xlsx",
    "BANK": "test",
    "HOLD": "",
    "RELEASE": "",
    "IN_YARD": "",
    "ACTION": ""
  },
  {
    "AGREEMENTNO": "XSHUKDL00004476280",
    "PRODUCT GRP": "CV",
    "SUB ZONE": "WEST 1",
    "REGION": "MH4",
    "AREA": "RATNAGIRI",
    "BRANCH": "KUDAL",
    "CUSTOMERNAME": "Santosh Vijay Pawaskar",
    "Allocation DPD GRP": 45325,
    "SOFT/HARD": "SOFT",
    "MANUFACTURERDESC": "TATA MOTORS",
    "MAKE": "SK 1616",
    "REGDNUM": "MH-07-C-6843",
    "CHASISNUM": "MAT361325BIC08121",
    "ENGINENUM": "697TC66CYY107873",
    "ARMNAME": "VISHWAJIT SHIRKE-9923365858",
    "RRM Name & No": "Rohan Kadam-9860314045",
    "RBM Name & No": "NIRAJ GAIKWAD-7028944771",
    "FILENAME": "Tent Repo List - Jan 23 (1).xlsx",
    "BANK": "test",
    "HOLD": "",
    "RELEASE": "",
    "IN_YARD": "",
    "ACTION": ""
  },
  {
    "AGREEMENTNO": "XVFPKED00003735469",
    "PRODUCT GRP": "CV",
    "SUB ZONE": "WEST 1",
    "REGION": "MH4",
    "AREA": "RATNAGIRI",
    "BRANCH": "KHED",
    "CUSTOMERNAME": "SAMIR HAJIMIYA POTRICK",
    "Allocation DPD GRP": 45325,
    "SOFT/HARD": "SOFT",
    "MANUFACTURERDESC": "MAHINDRA AND MAHINDRA",
    "MAKE": "BOLERO",
    "REGDNUM": "MH-08-AP-3204",
    "CHASISNUM": "MA1ZP2TLKL6H47638",
    "ENGINENUM": "TLL4G88415",
    "ARMNAME": "VISHWAJIT SHIRKE-9923365858",
    "RRM Name & No": "Rohan Kadam-9860314045",
    "RBM Name & No": "NIRAJ GAIKWAD-7028944771",
    "FILENAME": "Tent Repo List - Jan 23 (1).xlsx",
    "BANK": "test",
    "HOLD": "",
    "RELEASE": "",
    "IN_YARD": "",
    "ACTION": ""
  },
  {
    "AGREEMENTNO": "XSHUSHW00002767176",
    "PRODUCT GRP": "CV",
    "SUB ZONE": "WEST 1",
    "REGION": "MH4",
    "AREA": "SATARA",
    "BRANCH": "SHIRWAL",
    "CUSTOMERNAME": "AMAR SUBHASH YADAV",
    "Allocation DPD GRP": 45325,
    "SOFT/HARD": "SOFT",
    "MANUFACTURERDESC": "MAHINDRA",
    "MAKE": "BOLERO",
    "REGDNUM": "MH-11-BL-1845",
    "CHASISNUM": "MA1ZN2GHKD1K74231",
    "ENGINENUM": "GHD1K80540",
    "ARMNAME": "Rahul Waichal-9975955253",
    "RRM Name & No": "Rohan Kadam-9860314045",
    "RBM Name & No": "NIRAJ GAIKWAD-7028944771",
    "FILENAME": "Tent Repo List - Jan 23 (1).xlsx",
    "BANK": "test",
    "HOLD": "",
    "RELEASE": "",
    "IN_YARD": "",
    "ACTION": ""
  },
  {
    "AGREEMENTNO": "XVFPSAR00002890870",
    "PRODUCT GRP": "CV",
    "SUB ZONE": "WEST 1",
    "REGION": "MH4",
    "AREA": "SATARA",
    "BRANCH": "SATARA",
    "CUSTOMERNAME": "SHASHANK BABAN INGALE",
    "Allocation DPD GRP": 45325,
    "SOFT/HARD": "SOFT",
    "MANUFACTURERDESC": "ASHOK LEYLAND",
    "MAKE": "BUS",
    "REGDNUM": "MH-04-FK-1362",
    "CHASISNUM": "MB1PBEYC1CETJ3398",
    "ENGINENUM": "CTEZG12837",
    "ARMNAME": "Rahul Waichal-9975955253",
    "RRM Name & No": "Rohan Kadam-9860314045",
    "RBM Name & No": "NIRAJ GAIKWAD-7028944771",
    "FILENAME": "Tent Repo List - Jan 23 (1).xlsx",
    "BANK": "test",
    "HOLD": "",
    "RELEASE": "",
    "IN_YARD": "",
    "ACTION": ""
  },
  {
    "AGREEMENTNO": "XSHUSNG00004736701",
    "PRODUCT GRP": "CV",
    "SUB ZONE": "WEST 1",
    "REGION": "MH4",
    "AREA": "SANGLI",
    "BRANCH": "SANGLI",
    "CUSTOMERNAME": "DHIRENDRAKUMAR BRAJMOHAN KEVAT",
    "Allocation DPD GRP": 45325,
    "SOFT/HARD": "SOFT",
    "MANUFACTURERDESC": "TATA MOTORS",
    "MAKE": "ACE",
    "REGDNUM": "MH-10-AQ-9817",
    "CHASISNUM": "MAT445064DZP85162",
    "ENGINENUM": "275IDI06MWYSN9778",
    "ARMNAME": "KAILAS SALEKAR-9702269194",
    "RRM Name & No": "Rohan Kadam-9860314045",
    "RBM Name & No": "NIRAJ GAIKWAD-7028944771",
    "FILENAME": "Tent Repo List - Jan 23 (1).xlsx",
    "BANK": "test",
    "HOLD": "",
    "RELEASE": "",
    "IN_YARD": "",
    "ACTION": ""
  },
  {
    "AGREEMENTNO": "XVFPGOA00003744089",
    "PRODUCT GRP": "CV",
    "SUB ZONE": "WEST 1",
    "REGION": "MH4",
    "AREA": "GOA",
    "BRANCH": "GOA",
    "CUSTOMERNAME": "YADUR SHAMSUNDAR PHADTE",
    "Allocation DPD GRP": 45325,
    "SOFT/HARD": "SOFT",
    "MANUFACTURERDESC": "MAHINDRA AND MAHINDRA",
    "MAKE": "BOLERO",
    "REGDNUM": "GA-07-F-9140",
    "CHASISNUM": "MA1ZP2TLKL6J49490",
    "ENGINENUM": "TLL4H93476",
    "ARMNAME": "ARUN SHETKAR-9225643179",
    "RRM Name & No": "Rohan Kadam-9860314045",
    "RBM Name & No": "NIRAJ GAIKWAD-7028944771",
    "FILENAME": "Tent Repo List - Jan 23 (1).xlsx",
    "BANK": "test",
    "HOLD": "",
    "RELEASE": "",
    "IN_YARD": "",
    "ACTION": ""
  },
  {
    "AGREEMENTNO": "XSHUJAT00004395304",
    "PRODUCT GRP": "CV",
    "SUB ZONE": "WEST 1",
    "REGION": "MH4",
    "AREA": "SANGLI",
    "BRANCH": "JATH",
    "CUSTOMERNAME": "DEEPAK MADHUKAR KADAM",
    "Allocation DPD GRP": 45325,
    "SOFT/HARD": "SOFT",
    "MANUFACTURERDESC": "MAHINDRA AND MAHINDRA",
    "MAKE": "BOLERO",
    "REGDNUM": "MH-12-MV-7575",
    "CHASISNUM": "MA1ZU2TBKG1F51236",
    "ENGINENUM": "TBG1F89081",
    "ARMNAME": "KAILAS SALEKAR-9702269194",
    "RRM Name & No": "Rohan Kadam-9860314045",
    "RBM Name & No": "NIRAJ GAIKWAD-7028944771",
    "FILENAME": "Tent Repo List - Jan 23 (1).xlsx",
    "BANK": "test",
    "HOLD": "",
    "RELEASE": "",
    "IN_YARD": "",
    "ACTION": ""
  },
  {
    "AGREEMENTNO": "XVFPICA00004490081",
    "PRODUCT GRP": "PV",
    "SUB ZONE": "WEST 1",
    "REGION": "MH4",
    "AREA": "KOLHAPUR",
    "BRANCH": "ICHALKARANJI",
    "CUSTOMERNAME": "IRFAN IBRAHIM BAGWAN",
    "Allocation DPD GRP": 45325,
    "SOFT/HARD": "SOFT",
    "MANUFACTURERDESC": "MARUTI SUZUKI",
    "MAKE": "BALENO",
    "REGDNUM": "MH-09-FQ-5588",
    "CHASISNUM": "MBHEWB22SLM586535",
    "ENGINENUM": "K12MP4124674",
    "ARMNAME": "AJIT PATIL-8482883431",
    "RRM Name & No": "Rohan Kadam-9860314045",
    "RBM Name & No": "NIRAJ GAIKWAD-7028944771",
    "FILENAME": "Tent Repo List - Jan 23 (1).xlsx",
    "BANK": "test",
    "HOLD": "",
    "RELEASE": "",
    "IN_YARD": "",
    "ACTION": ""
  },
  {
    "AGREEMENTNO": "XVFPICA00003516958",
    "PRODUCT GRP": "CV",
    "SUB ZONE": "WEST 1",
    "REGION": "MH4",
    "AREA": "KOLHAPUR",
    "BRANCH": "ICHALKARANJI",
    "CUSTOMERNAME": "AJAY SANJAY RANBHARE",
    "Allocation DPD GRP": 45325,
    "SOFT/HARD": "SOFT",
    "MANUFACTURERDESC": "ASHOK LEYLAND",
    "MAKE": "DOST STRONG",
    "REGDNUM": "MH-09-FL-5077",
    "CHASISNUM": "MB1AA22E0LRK96409",
    "ENGINENUM": "LKH057080P",
    "ARMNAME": "AJIT PATIL-8482883431",
    "RRM Name & No": "Rohan Kadam-9860314045",
    "RBM Name & No": "NIRAJ GAIKWAD-7028944771",
    "FILENAME": "Tent Repo List - Jan 23 (1).xlsx",
    "BANK": "test",
    "HOLD": "",
    "RELEASE": "",
    "IN_YARD": "",
    "ACTION": ""
  },
  {
    "AGREEMENTNO": "XSHURRI00003467876",
    "PRODUCT GRP": "CV",
    "SUB ZONE": "WEST 1",
    "REGION": "MH4",
    "AREA": "RATNAGIRI",
    "BRANCH": "RATNAGIRI",
    "CUSTOMERNAME": "PRAVEEN SOMASING RATHOD",
    "Allocation DPD GRP": 45325,
    "SOFT/HARD": "SOFT",
    "MANUFACTURERDESC": "MAHINDRA AND MAHINDRA",
    "MAKE": "BOLERO",
    "REGDNUM": "MH-08-W-4550",
    "CHASISNUM": "MA1ZN2GHKF1K80319",
    "ENGINENUM": "GHF1K58787",
    "ARMNAME": "VISHWAJIT SHIRKE-9923365858",
    "RRM Name & No": "Rohan Kadam-9860314045",
    "RBM Name & No": "NIRAJ GAIKWAD-7028944771",
    "FILENAME": "Tent Repo List - Jan 23 (1).xlsx",
    "BANK": "test",
    "HOLD": "",
    "RELEASE": "",
    "IN_YARD": "",
    "ACTION": ""
  },
  {
    "AGREEMENTNO": "XVFPCPN00001858443",
    "PRODUCT GRP": "CV",
    "SUB ZONE": "WEST 1",
    "REGION": "MH4",
    "AREA": "RATNAGIRI",
    "BRANCH": "KHED",
    "CUSTOMERNAME": "PRAMOD ANANT SAWANT",
    "Allocation DPD GRP": 45325,
    "SOFT/HARD": "SOFT",
    "MANUFACTURERDESC": "TATA MOTORS",
    "MAKE": 909,
    "REGDNUM": "MH-08-W-8427",
    "CHASISNUM": "MAT454201G7K17588",
    "ENGINENUM": "497TC92KTY840224",
    "ARMNAME": "VISHWAJIT SHIRKE-9923365858",
    "RRM Name & No": "Rohan Kadam-9860314045",
    "RBM Name & No": "NIRAJ GAIKWAD-7028944771",
    "FILENAME": "Tent Repo List - Jan 23 (1).xlsx",
    "BANK": "test",
    "HOLD": "",
    "RELEASE": "",
    "IN_YARD": "",
    "ACTION": ""
  },
  {
    "AGREEMENTNO": "XVFPGOA00002350331",
    "PRODUCT GRP": "CV",
    "SUB ZONE": "WEST 1",
    "REGION": "MH4",
    "AREA": "GOA",
    "BRANCH": "GOA",
    "CUSTOMERNAME": "MAHESH DATTA NARVEKAR",
    "Allocation DPD GRP": 45325,
    "SOFT/HARD": "SOFT",
    "MANUFACTURERDESC": "MAHINDRA",
    "MAKE": "BOLERO",
    "REGDNUM": "GA-03-W-2415",
    "CHASISNUM": "MA1ZU2TBKJ1C31191",
    "ENGINENUM": "TBJ1C40966",
    "ARMNAME": "ARUN SHETKAR-9225643179",
    "RRM Name & No": "Rohan Kadam-9860314045",
    "RBM Name & No": "NIRAJ GAIKWAD-7028944771",
    "FILENAME": "Tent Repo List - Jan 23 (1).xlsx",
    "BANK": "test",
    "HOLD": "",
    "RELEASE": "",
    "IN_YARD": "",
    "ACTION": ""
  },
  {
    "AGREEMENTNO": "XSHURRI00004584317",
    "PRODUCT GRP": "PV",
    "SUB ZONE": "WEST 1",
    "REGION": "MH4",
    "AREA": "RATNAGIRI",
    "BRANCH": "RATNAGIRI",
    "CUSTOMERNAME": "RAKESH VINAYAK WADKAR",
    "Allocation DPD GRP": 45325,
    "SOFT/HARD": "SOFT",
    "MANUFACTURERDESC": "MAHINDRA",
    "MAKE": "BOLERO",
    "REGDNUM": "MH-08-AN-2904",
    "CHASISNUM": "MA1XM2WJXJ6C39719",
    "ENGINENUM": "WJJ6C30760",
    "ARMNAME": "VISHWAJIT SHIRKE-9923365858",
    "RRM Name & No": "Rohan Kadam-9860314045",
    "RBM Name & No": "NIRAJ GAIKWAD-7028944771",
    "FILENAME": "Tent Repo List - Jan 23 (1).xlsx",
    "BANK": "test",
    "HOLD": "",
    "RELEASE": "",
    "IN_YARD": "",
    "ACTION": ""
  },
  {
    "AGREEMENTNO": "XSHUGOA00003198035",
    "PRODUCT GRP": "CV",
    "SUB ZONE": "WEST 1",
    "REGION": "MH4",
    "AREA": "GOA",
    "BRANCH": "GOA",
    "CUSTOMERNAME": "Vishal Tukaram Pednekar",
    "Allocation DPD GRP": 45325,
    "SOFT/HARD": "SOFT",
    "MANUFACTURERDESC": "TATA MOTORS",
    "MAKE": "STARBUS",
    "REGDNUM": "GA-03-K-7273",
    "CHASISNUM": "MAT453554B7H37280",
    "ENGINENUM": "497TC92HYY847333",
    "ARMNAME": "ARUN SHETKAR-9225643179",
    "RRM Name & No": "Rohan Kadam-9860314045",
    "RBM Name & No": "NIRAJ GAIKWAD-7028944771",
    "FILENAME": "Tent Repo List - Jan 23 (1).xlsx",
    "BANK": "test",
    "HOLD": "",
    "RELEASE": "",
    "IN_YARD": "",
    "ACTION": ""
  },
  {
    "AGREEMENTNO": "XVFPMAG00002267289",
    "PRODUCT GRP": "CV",
    "SUB ZONE": "WEST 1",
    "REGION": "MH4",
    "AREA": "GOA",
    "BRANCH": "MARGAO",
    "CUSTOMERNAME": "RUPESH  NAIK",
    "Allocation DPD GRP": 45325,
    "SOFT/HARD": "SOFT",
    "MANUFACTURERDESC": "MAHINDRA",
    "MAKE": "BOLERO",
    "REGDNUM": "GA-06-T-5493",
    "CHASISNUM": "MA1ZU2TBKJ1A18478",
    "ENGINENUM": "TBJ1A29243",
    "ARMNAME": "ARUN SHETKAR-9225643179",
    "RRM Name & No": "Rohan Kadam-9860314045",
    "RBM Name & No": "NIRAJ GAIKWAD-7028944771",
    "FILENAME": "Tent Repo List - Jan 23 (1).xlsx",
    "BANK": "test",
    "HOLD": "",
    "RELEASE": "",
    "IN_YARD": "",
    "ACTION": ""
  },
  {
    "AGREEMENTNO": "XSHUKRD00003669194",
    "PRODUCT GRP": "PV",
    "SUB ZONE": "WEST 1",
    "REGION": "MH4",
    "AREA": "SATARA",
    "BRANCH": "KARAD",
    "CUSTOMERNAME": "MARUTI SAMBHAJI MASKAR",
    "Allocation DPD GRP": 45325,
    "SOFT/HARD": "SOFT",
    "MANUFACTURERDESC": "HYUNDAI",
    "MAKE": "I20",
    "REGDNUM": "MH-10-BA-5084",
    "CHASISNUM": "MALBB51RLCM427630",
    "ENGINENUM": "D4FCCU126718",
    "ARMNAME": "Rahul Waichal-9975955253",
    "RRM Name & No": "Rohan Kadam-9860314045",
    "RBM Name & No": "NIRAJ GAIKWAD-7028944771",
    "FILENAME": "Tent Repo List - Jan 23 (1).xlsx",
    "BANK": "test",
    "HOLD": "",
    "RELEASE": "",
    "IN_YARD": "",
    "ACTION": ""
  },
  {
    "AGREEMENTNO": "XSHUKVF00003641670",
    "PRODUCT GRP": "CV",
    "SUB ZONE": "WEST 1",
    "REGION": "MH4",
    "AREA": "KOLHAPUR",
    "BRANCH": "KOLHAPUR",
    "CUSTOMERNAME": "VITTHAL SAKHARAM PATIL",
    "Allocation DPD GRP": 45325,
    "SOFT/HARD": "SOFT",
    "MANUFACTURERDESC": "MAHINDRA AND MAHINDRA",
    "MAKE": "BOLERO",
    "REGDNUM": "MH-09-CU-6654",
    "CHASISNUM": "MH0917Y9424",
    "ENGINENUM": "GHG1E29902",
    "ARMNAME": "AJIT PATIL-8482883431",
    "RRM Name & No": "Rohan Kadam-9860314045",
    "RBM Name & No": "NIRAJ GAIKWAD-7028944771",
    "FILENAME": "Tent Repo List - Jan 23 (1).xlsx",
    "BANK": "test",
    "HOLD": "",
    "RELEASE": "",
    "IN_YARD": "",
    "ACTION": ""
  },
  {
    "AGREEMENTNO": "XSHUKKI00003055595",
    "PRODUCT GRP": "PV",
    "SUB ZONE": "WEST 1",
    "REGION": "MH4",
    "AREA": "RATNAGIRI",
    "BRANCH": "KANKAVALI",
    "CUSTOMERNAME": "RUPESH SURESH GAYCHOR",
    "Allocation DPD GRP": 45325,
    "SOFT/HARD": "SOFT",
    "MANUFACTURERDESC": "HYUNDAI",
    "MAKE": "ELITE I20",
    "REGDNUM": "MH-46-AL-9319",
    "CHASISNUM": "MALBM51RLFM105359",
    "ENGINENUM": "D4FCFM328214",
    "ARMNAME": "VISHWAJIT SHIRKE-9923365858",
    "RRM Name & No": "Rohan Kadam-9860314045",
    "RBM Name & No": "NIRAJ GAIKWAD-7028944771",
    "FILENAME": "Tent Repo List - Jan 23 (1).xlsx",
    "BANK": "test",
    "HOLD": "",
    "RELEASE": "",
    "IN_YARD": "",
    "ACTION": ""
  },
  {
    "AGREEMENTNO": "XVFPSNG00003994729",
    "PRODUCT GRP": "PV",
    "SUB ZONE": "WEST 1",
    "REGION": "MH4",
    "AREA": "SANGLI",
    "BRANCH": "SANGLI",
    "CUSTOMERNAME": "ROHIT VITTHAL PETKAR",
    "Allocation DPD GRP": 45325,
    "SOFT/HARD": "SOFT",
    "MANUFACTURERDESC": "TOYOTA",
    "MAKE": "INNOVA",
    "REGDNUM": "MH-10-AY-8182",
    "CHASISNUM": "MBJ11JV4007331047",
    "ENGINENUM": "2KDU026073",
    "ARMNAME": "KAILAS SALEKAR-9702269194",
    "RRM Name & No": "Rohan Kadam-9860314045",
    "RBM Name & No": "NIRAJ GAIKWAD-7028944771",
    "FILENAME": "Tent Repo List - Jan 23 (1).xlsx",
    "BANK": "test",
    "HOLD": "",
    "RELEASE": "",
    "IN_YARD": "",
    "ACTION": ""
  },
  {
    "AGREEMENTNO": "XVFPKVF00002893611",
    "PRODUCT GRP": "CV",
    "SUB ZONE": "WEST 1",
    "REGION": "MH4",
    "AREA": "KOLHAPUR",
    "BRANCH": "ICHALKARANJI",
    "CUSTOMERNAME": "Shivaji Balu Bidkar",
    "Allocation DPD GRP": 45325,
    "SOFT/HARD": "SOFT",
    "MANUFACTURERDESC": "MAHINDRA",
    "MAKE": "BOLERO",
    "REGDNUM": "MH-09-EM-8919",
    "CHASISNUM": "MA1ZP2TBKK6B38634",
    "ENGINENUM": "TBK4B61362",
    "ARMNAME": "AJIT PATIL-8482883431",
    "RRM Name & No": "Rohan Kadam-9860314045",
    "RBM Name & No": "NIRAJ GAIKWAD-7028944771",
    "FILENAME": "Tent Repo List - Jan 23 (1).xlsx",
    "BANK": "test",
    "HOLD": "",
    "RELEASE": "",
    "IN_YARD": "",
    "ACTION": ""
  },
  {
    "AGREEMENTNO": "XSHUSNG00004371886",
    "PRODUCT GRP": "CV",
    "SUB ZONE": "WEST 1",
    "REGION": "MH4",
    "AREA": "SANGLI",
    "BRANCH": "SANGLI",
    "CUSTOMERNAME": "PRATIK UTTAM YADAV",
    "Allocation DPD GRP": 45325,
    "SOFT/HARD": "SOFT",
    "MANUFACTURERDESC": "MAHINDRA AND MAHINDRA",
    "MAKE": "BOLERO",
    "REGDNUM": "MH-48-T-8368",
    "CHASISNUM": "MA1ZT2GLKF1C34733",
    "ENGINENUM": "GLF1C68345",
    "ARMNAME": "KAILAS SALEKAR-9702269194",
    "RRM Name & No": "Rohan Kadam-9860314045",
    "RBM Name & No": "NIRAJ GAIKWAD-7028944771",
    "FILENAME": "Tent Repo List - Jan 23 (1).xlsx",
    "BANK": "test",
    "HOLD": "",
    "RELEASE": "",
    "IN_YARD": "",
    "ACTION": ""
  },
  {
    "AGREEMENTNO": "XSHUCPN00002923535",
    "PRODUCT GRP": "PV",
    "SUB ZONE": "WEST 1",
    "REGION": "MH4",
    "AREA": "RATNAGIRI",
    "BRANCH": "CHIPLUN",
    "CUSTOMERNAME": "SHUBHAM MAHADEV MORE",
    "Allocation DPD GRP": 45325,
    "SOFT/HARD": "SOFT",
    "MANUFACTURERDESC": "TOYOTA",
    "MAKE": "INNOVA",
    "REGDNUM": "MH-46-W-9755",
    "CHASISNUM": "MBJ11JV4007399729",
    "ENGINENUM": "2KDU264224",
    "ARMNAME": "VISHWAJIT SHIRKE-9923365858",
    "RRM Name & No": "Rohan Kadam-9860314045",
    "RBM Name & No": "NIRAJ GAIKWAD-7028944771",
    "FILENAME": "Tent Repo List - Jan 23 (1).xlsx",
    "BANK": "test",
    "HOLD": "",
    "RELEASE": "",
    "IN_YARD": "",
    "ACTION": ""
  },
  {
    "AGREEMENTNO": "XSHUJAT00004714923",
    "PRODUCT GRP": "PV",
    "SUB ZONE": "WEST 1",
    "REGION": "MH4",
    "AREA": "SANGLI",
    "BRANCH": "JATH",
    "CUSTOMERNAME": "PRAFULL SUKHADEO CHANDANSHIVE",
    "Allocation DPD GRP": 45325,
    "SOFT/HARD": "SOFT",
    "MANUFACTURERDESC": "MARUTI SUZUKI",
    "MAKE": "CIAZ",
    "REGDNUM": "MH-11-BV-9936",
    "CHASISNUM": "MA3FXEB1S00138743CF",
    "ENGINENUM": "D13A2550560",
    "ARMNAME": "KAILAS SALEKAR-9702269194",
    "RRM Name & No": "Rohan Kadam-9860314045",
    "RBM Name & No": "NIRAJ GAIKWAD-7028944771",
    "FILENAME": "Tent Repo List - Jan 23 (1).xlsx",
    "BANK": "test",
    "HOLD": "",
    "RELEASE": "",
    "IN_YARD": "",
    "ACTION": ""
  },
  {
    "AGREEMENTNO": "XSHUMAG00003673956",
    "PRODUCT GRP": "PV",
    "SUB ZONE": "WEST 1",
    "REGION": "MH4",
    "AREA": "GOA",
    "BRANCH": "GOA",
    "CUSTOMERNAME": "SHARMILA RAJESH KERKAR",
    "Allocation DPD GRP": 45325,
    "SOFT/HARD": "SOFT",
    "MANUFACTURERDESC": "MARUTI SUZUKI",
    "MAKE": "SWIFT DZIRE",
    "REGDNUM": "GA-09-U-6044",
    "CHASISNUM": "MA3EJKD1S00B84979",
    "ENGINENUM": "K12MN2292636",
    "ARMNAME": "ARUN SHETKAR-9225643179",
    "RRM Name & No": "Rohan Kadam-9860314045",
    "RBM Name & No": "NIRAJ GAIKWAD-7028944771",
    "FILENAME": "Tent Repo List - Jan 23 (1).xlsx",
    "BANK": "test",
    "HOLD": "",
    "RELEASE": "",
    "IN_YARD": "",
    "ACTIO